LIBNAME,MEMNAME,MEMLABEL,TYPEMEM,NAME,TYPE,LENGTH,VARNUM,LABEL,FORMAT,FORMATL,FORMATD,INFORMAT,INFORML,INFORMD,JUST,NPOS,NOBS,ENGINE,CRDATE,MODATE,DELOBS,IDXUSAGE,MEMTYPE,IDXCOUNT,PROTECT,FLAGS,COMPRESS,REUSE,SORTED,SORTEDBY,CHARSET,COLLATE,NODUPKEY,NODUPREC,ENCRYPT,POINTOBS,GENMAX,GENNUM,GENNEXT,TRANSCOD
STD_SABR,ENROLL_ABCD_WIDE,,,BIRTH_DATE,1,4,2,,MMDDYY,10,0,,0,0,0,0,5064254,SPDE,17MAY17:13:12:47,17MAY17:13:12:47,0,NONE,DATA,0,---,---,BINARY,NO,,,,,NO,NO,NO,YES,0,,,YES
STD_SABR,ENROLL_ABCD_WIDE,,,DEATH_DATE,1,4,3,,MMDDYY,10,0,,0,0,0,4,5064254,SPDE,17MAY17:13:12:47,17MAY17:13:12:47,0,NONE,DATA,0,---,---,BINARY,NO,,,,,NO,NO,NO,YES,0,,,YES
STD_SABR,ENROLL_ABCD_WIDE,,,PATID,2,20,1,,,0,0,,0,0,0,8,5064254,SPDE,17MAY17:13:12:47,17MAY17:13:12:47,0,NONE,DATA,0,---,---,BINARY,NO,,,,,NO,NO,NO,YES,0,,,YES
STD_SABR,ENROLL_ABCD_WIDE,,,SOURCE,2,5,4,,,0,0,,0,0,0,28,5064254,SPDE,17MAY17:13:12:47,17MAY17:13:12:47,0,NONE,DATA,0,---,---,BINARY,NO,,,,,NO,NO,NO,YES,0,,,YES
STD_SABR,ENROLL_ABCD_WIDE,,,dualeligible,2,108,6,,,0,0,,0,0,0,141,5064254,SPDE,17MAY17:13:12:47,17MAY17:13:12:47,0,NONE,DATA,0,---,---,BINARY,NO,,,,,NO,NO,NO,YES,0,,,YES
STD_SABR,ENROLL_ABCD_WIDE,,,enroll_abc,2,108,5,,,0,0,,0,0,0,33,5064254,SPDE,17MAY17:13:12:47,17MAY17:13:12:47,0,NONE,DATA,0,---,---,BINARY,NO,,,,,NO,NO,NO,YES,0,,,YES
STD_SABR,ENROLL_ABCD_WIDE,,,enroll_abcd,2,108,8,,,0,0,,0,0,0,357,5064254,SPDE,17MAY17:13:12:47,17MAY17:13:12:47,0,NONE,DATA,0,---,---,BINARY,NO,,,,,NO,NO,NO,YES,0,,,YES
STD_SABR,ENROLL_ABCD_WIDE,,,enroll_d,2,108,7,,,0,0,,0,0,0,249,5064254,SPDE,17MAY17:13:12:47,17MAY17:13:12:47,0,NONE,DATA,0,---,---,BINARY,NO,,,,,NO,NO,NO,YES,0,,,YES
STD_SABR,NONSPECIFIC_JCODE_BIOLOGIC,,,GNN,2,30,4,Generic Name,,0,0,,0,0,0,48,38029,SPDE,22FEB17:23:31:13,22FEB17:23:31:13,0,NONE,DATA,0,---,---,CHAR,NO,,,,,NO,NO,NO,YES,0,,,YES
STD_SABR,NONSPECIFIC_JCODE_BIOLOGIC,,,NDC,2,11,3,,,0,0,,0,0,0,37,38029,SPDE,22FEB17:23:31:13,22FEB17:23:31:13,0,NONE,DATA,0,---,---,CHAR,NO,,,,,NO,NO,NO,YES,0,,,YES
STD_SABR,NONSPECIFIC_JCODE_BIOLOGIC,,,PID,2,25,1,Unique patient Identification number,,0,0,,0,0,0,12,38029,SPDE,22FEB17:23:31:13,22FEB17:23:31:13,0,NONE,DATA,0,---,---,CHAR,NO,,,,,NO,NO,NO,YES,0,,,YES
STD_SABR,NONSPECIFIC_JCODE_BIOLOGIC,,,Prescriber,1,8,7,Prescriber ID,,0,0,,0,0,0,0,38029,SPDE,22FEB17:23:31:13,22FEB17:23:31:13,0,NONE,DATA,0,---,---,CHAR,NO,,,,,NO,NO,NO,YES,0,,,YES
STD_SABR,NONSPECIFIC_JCODE_BIOLOGIC,,,rxamt,1,3,6,Quantity dispensed,,0,0,,0,0,0,81,38029,SPDE,22FEB17:23:31:13,22FEB17:23:31:13,0,NONE,DATA,0,---,---,CHAR,NO,,,,,NO,NO,NO,YES,0,,,YES
STD_SABR,NONSPECIFIC_JCODE_BIOLOGIC,,,rxdate,1,4,2,Prescription Fill Date,MMDDYY,10,0,,0,0,0,8,38029,SPDE,22FEB17:23:31:13,22FEB17:23:31:13,0,NONE,DATA,0,---,---,CHAR,NO,,,,,NO,NO,NO,YES,0,,,YES
STD_SABR,NONSPECIFIC_JCODE_BIOLOGIC,,,rxsup,1,3,5,Days of Supply,,0,0,,0,0,0,78,38029,SPDE,22FEB17:23:31:13,22FEB17:23:31:13,0,NONE,DATA,0,---,---,CHAR,NO,,,,,NO,NO,NO,YES,0,,,YES
STD_SABR,NONSPECIFIC_JCODE_BIOLOGIC,,,source,2,5,8,Data source,,0,0,,0,0,0,84,38029,SPDE,22FEB17:23:31:13,22FEB17:23:31:13,0,NONE,DATA,0,---,---,CHAR,NO,,,,,NO,NO,NO,YES,0,,,YES
STD_SABR,PROVIDER_SPECIALTY,,,PROVIDERID,2,10,1,,,0,0,,0,0,0,0,4061929,SPDE,14MAR17:09:44:08,14MAR17:09:44:08,0,NONE,DATA,0,---,---,NO,NO,,,,,NO,NO,NO,YES,0,,,YES
STD_SABR,PROVIDER_SPECIALTY,,,PROVIDERID_TYPE,2,4,2,,,0,0,,0,0,0,10,4061929,SPDE,14MAR17:09:44:08,14MAR17:09:44:08,0,NONE,DATA,0,---,---,NO,NO,,,,,NO,NO,NO,YES,0,,,YES
STD_SABR,PROVIDER_SPECIALTY,,,PROV_TYPE,2,3,3,,,0,0,,0,0,0,14,4061929,SPDE,14MAR17:09:44:08,14MAR17:09:44:08,0,NONE,DATA,0,---,---,NO,NO,,,,,NO,NO,NO,YES,0,,,YES
STD_SABR,PROVIDER_SPECIALTY,,,source,2,5,4,,,0,0,,0,0,0,17,4061929,SPDE,14MAR17:09:44:08,14MAR17:09:44:08,0,NONE,DATA,0,---,---,NO,NO,,,,,NO,NO,NO,YES,0,,,YES
STD_SABR,STD_DEMOG_2006_2014,,,BIRTH_DATE,1,4,3,,MMDDYY,10,0,,0,0,0,0,5064254,SPDE,26JAN17:12:15:09,26JAN17:12:15:09,0,NONE,DATA,0,---,---,BINARY,NO,,,,,NO,NO,NO,YES,0,,,YES
STD_SABR,STD_DEMOG_2006_2014,,,DEATH_DATE,1,4,4,,MMDDYY,10,0,,0,0,0,4,5064254,SPDE,26JAN17:12:15:09,26JAN17:12:15:09,0,NONE,DATA,0,---,---,BINARY,NO,,,,,NO,NO,NO,YES,0,,,YES
STD_SABR,STD_DEMOG_2006_2014,,,HISPANIC,2,2,6,,,0,0,,0,0,0,32,5064254,SPDE,26JAN17:12:15:09,26JAN17:12:15:09,0,NONE,DATA,0,---,---,BINARY,NO,,,,,NO,NO,NO,YES,0,,,YES
STD_SABR,STD_DEMOG_2006_2014,,,PATID,2,20,1,,,0,0,,0,0,0,8,5064254,SPDE,26JAN17:12:15:09,26JAN17:12:15:09,0,NONE,DATA,0,---,---,BINARY,NO,,,,,NO,NO,NO,YES,0,,,YES
STD_SABR,STD_DEMOG_2006_2014,,,RACE,2,2,5,,,0,0,,0,0,0,30,5064254,SPDE,26JAN17:12:15:09,26JAN17:12:15:09,0,NONE,DATA,0,---,---,BINARY,NO,,,,,NO,NO,NO,YES,0,,,YES
STD_SABR,STD_DEMOG_2006_2014,,,SEX,2,2,2,,,0,0,,0,0,0,28,5064254,SPDE,26JAN17:12:15:09,26JAN17:12:15:09,0,NONE,DATA,0,---,---,BINARY,NO,,,,,NO,NO,NO,YES,0,,,YES
STD_SABR,STD_DEMOG_2006_2014,,,n_birth,1,3,8,,,0,0,,0,0,0,37,5064254,SPDE,26JAN17:12:15:09,26JAN17:12:15:09,0,NONE,DATA,0,---,---,BINARY,NO,,,,,NO,NO,NO,YES,0,,,YES
STD_SABR,STD_DEMOG_2006_2014,,,n_death,1,3,9,,,0,0,,0,0,0,40,5064254,SPDE,26JAN17:12:15:09,26JAN17:12:15:09,0,NONE,DATA,0,---,---,BINARY,NO,,,,,NO,NO,NO,YES,0,,,YES
STD_SABR,STD_DEMOG_2006_2014,,,n_gender,1,3,7,,,0,0,,0,0,0,34,5064254,SPDE,26JAN17:12:15:09,26JAN17:12:15:09,0,NONE,DATA,0,---,---,BINARY,NO,,,,,NO,NO,NO,YES,0,,,YES
STD_SABR,STD_DX_2006,,,ADMIT_DATE,1,4,8,,MMDDYY,10,0,,0,0,0,0,226614832,SPDE,28JUL17:09:52:53,28JUL17:09:52:53,0,NONE,DATA,0,---,---,BINARY,NO,,,,,NO,NO,NO,YES,0,,,YES
STD_SABR,STD_DX_2006,,,ADMIT_TYPE,2,1,18,,,0,0,,0,0,0,112,226614832,SPDE,28JUL17:09:52:53,28JUL17:09:52:53,0,NONE,DATA,0,---,---,BINARY,NO,,,,,NO,NO,NO,YES,0,,,YES
STD_SABR,STD_DX_2006,,,BEGIN_DATE,1,4,10,,MMDDYY,10,0,,0,0,0,8,226614832,SPDE,28JUL17:09:52:53,28JUL17:09:52:53,0,NONE,DATA,0,---,---,BINARY,NO,,,,,NO,NO,NO,YES,0,,,YES
STD_SABR,STD_DX_2006,,,DISCHARGE_DATE,1,4,9,,MMDDYY,10,0,,0,0,0,4,226614832,SPDE,28JUL17:09:52:53,28JUL17:09:52:53,0,NONE,DATA,0,---,---,BINARY,NO,,,,,NO,NO,NO,YES,0,,,YES
STD_SABR,STD_DX_2006,,,DISCHARGE_STATUS,2,2,15,,,0,0,,0,0,0,103,226614832,SPDE,28JUL17:09:52:53,28JUL17:09:52:53,0,NONE,DATA,0,---,---,BINARY,NO,,,,,NO,NO,NO,YES,0,,,YES
STD_SABR,STD_DX_2006,,,DX,2,18,12,,,0,0,,0,0,0,81,226614832,SPDE,28JUL17:09:52:53,28JUL17:09:52:53,0,NONE,DATA,0,---,---,BINARY,NO,,,,,NO,NO,NO,YES,0,,,YES
STD_SABR,STD_DX_2006,,,DX_TYPE,2,2,13,,,0,0,,0,0,0,99,226614832,SPDE,28JUL17:09:52:53,28JUL17:09:52:53,0,NONE,DATA,0,---,---,BINARY,NO,,,,,NO,NO,NO,YES,0,,,YES
STD_SABR,STD_DX_2006,,,ENCOUNTERID,2,15,2,,,0,0,,0,0,0,36,226614832,SPDE,28JUL17:09:52:53,28JUL17:09:52:53,0,NONE,DATA,0,---,---,BINARY,NO,,,,,NO,NO,NO,YES,0,,,YES
STD_SABR,STD_DX_2006,,,ENC_TYPE,2,2,17,,$,2,0,,0,0,0,110,226614832,SPDE,28JUL17:09:52:53,28JUL17:09:52:53,0,NONE,DATA,0,---,---,BINARY,NO,,,,,NO,NO,NO,YES,0,,,YES
STD_SABR,STD_DX_2006,,,END_DATE,1,4,11,,MMDDYY,10,0,,0,0,0,12,226614832,SPDE,28JUL17:09:52:53,28JUL17:09:52:53,0,NONE,DATA,0,---,---,BINARY,NO,,,,,NO,NO,NO,YES,0,,,YES
STD_SABR,STD_DX_2006,,,FACILITYID,2,10,6,,,0,0,,0,0,0,68,226614832,SPDE,28JUL17:09:52:53,28JUL17:09:52:53,0,NONE,DATA,0,---,---,BINARY,NO,,,,,NO,NO,NO,YES,0,,,YES
STD_SABR,STD_DX_2006,,,FACILITY_TYPE,2,3,7,,$FACILITY_TYPE,0,0,,0,0,0,78,226614832,SPDE,28JUL17:09:52:53,28JUL17:09:52:53,0,NONE,DATA,0,---,---,BINARY,NO,,,,,NO,NO,NO,YES,0,,,YES
STD_SABR,STD_DX_2006,,,PATID,2,20,1,,,0,0,,0,0,0,16,226614832,SPDE,28JUL17:09:52:53,28JUL17:09:52:53,0,NONE,DATA,0,---,---,BINARY,NO,,,,,NO,NO,NO,YES,0,,,YES
STD_SABR,STD_DX_2006,,,PDX,2,2,14,,,0,0,,0,0,0,101,226614832,SPDE,28JUL17:09:52:53,28JUL17:09:52:53,0,NONE,DATA,0,---,---,BINARY,NO,,,,,NO,NO,NO,YES,0,,,YES
STD_SABR,STD_DX_2006,,,POA,2,1,19,,,0,0,,0,0,0,113,226614832,SPDE,28JUL17:09:52:53,28JUL17:09:52:53,0,NONE,DATA,0,---,---,BINARY,NO,,,,,NO,NO,NO,YES,0,,,YES
STD_SABR,STD_DX_2006,,,PROVIDERID,2,10,3,,,0,0,,0,0,0,51,226614832,SPDE,28JUL17:09:52:53,28JUL17:09:52:53,0,NONE,DATA,0,---,---,BINARY,NO,,,,,NO,NO,NO,YES,0,,,YES
STD_SABR,STD_DX_2006,,,PROVIDERID_TYPE,2,4,4,,,0,0,,0,0,0,61,226614832,SPDE,28JUL17:09:52:53,28JUL17:09:52:53,0,NONE,DATA,0,---,---,BINARY,NO,,,,,NO,NO,NO,YES,0,,,YES
STD_SABR,STD_DX_2006,,,PROV_TYPE,2,3,5,,,0,0,,0,0,0,65,226614832,SPDE,28JUL17:09:52:53,28JUL17:09:52:53,0,NONE,DATA,0,---,---,BINARY,NO,,,,,NO,NO,NO,YES,0,,,YES
STD_SABR,STD_DX_2006,,,SOURCE,2,5,16,,,0,0,,0,0,0,105,226614832,SPDE,28JUL17:09:52:53,28JUL17:09:52:53,0,NONE,DATA,0,---,---,BINARY,NO,,,,,NO,NO,NO,YES,0,,,YES
STD_SABR,STD_DX_2007,,,ADMIT_DATE,1,4,8,,MMDDYY,10,0,,0,0,0,0,247224847,SPDE,28JUL17:10:02:14,28JUL17:10:02:14,0,NONE,DATA,0,---,---,BINARY,NO,,,,,NO,NO,NO,YES,0,,,YES
STD_SABR,STD_DX_2007,,,ADMIT_TYPE,2,1,18,,,0,0,,0,0,0,112,247224847,SPDE,28JUL17:10:02:14,28JUL17:10:02:14,0,NONE,DATA,0,---,---,BINARY,NO,,,,,NO,NO,NO,YES,0,,,YES
STD_SABR,STD_DX_2007,,,BEGIN_DATE,1,4,10,,MMDDYY,10,0,,0,0,0,8,247224847,SPDE,28JUL17:10:02:14,28JUL17:10:02:14,0,NONE,DATA,0,---,---,BINARY,NO,,,,,NO,NO,NO,YES,0,,,YES
STD_SABR,STD_DX_2007,,,DISCHARGE_DATE,1,4,9,,MMDDYY,10,0,,0,0,0,4,247224847,SPDE,28JUL17:10:02:14,28JUL17:10:02:14,0,NONE,DATA,0,---,---,BINARY,NO,,,,,NO,NO,NO,YES,0,,,YES
STD_SABR,STD_DX_2007,,,DISCHARGE_STATUS,2,2,15,,,0,0,,0,0,0,103,247224847,SPDE,28JUL17:10:02:14,28JUL17:10:02:14,0,NONE,DATA,0,---,---,BINARY,NO,,,,,NO,NO,NO,YES,0,,,YES
STD_SABR,STD_DX_2007,,,DX,2,18,12,,,0,0,,0,0,0,81,247224847,SPDE,28JUL17:10:02:14,28JUL17:10:02:14,0,NONE,DATA,0,---,---,BINARY,NO,,,,,NO,NO,NO,YES,0,,,YES
STD_SABR,STD_DX_2007,,,DX_TYPE,2,2,13,,,0,0,,0,0,0,99,247224847,SPDE,28JUL17:10:02:14,28JUL17:10:02:14,0,NONE,DATA,0,---,---,BINARY,NO,,,,,NO,NO,NO,YES,0,,,YES
STD_SABR,STD_DX_2007,,,ENCOUNTERID,2,15,2,,,0,0,,0,0,0,36,247224847,SPDE,28JUL17:10:02:14,28JUL17:10:02:14,0,NONE,DATA,0,---,---,BINARY,NO,,,,,NO,NO,NO,YES,0,,,YES
STD_SABR,STD_DX_2007,,,ENC_TYPE,2,2,17,,$,2,0,,0,0,0,110,247224847,SPDE,28JUL17:10:02:14,28JUL17:10:02:14,0,NONE,DATA,0,---,---,BINARY,NO,,,,,NO,NO,NO,YES,0,,,YES
STD_SABR,STD_DX_2007,,,END_DATE,1,4,11,,MMDDYY,10,0,,0,0,0,12,247224847,SPDE,28JUL17:10:02:14,28JUL17:10:02:14,0,NONE,DATA,0,---,---,BINARY,NO,,,,,NO,NO,NO,YES,0,,,YES
STD_SABR,STD_DX_2007,,,FACILITYID,2,10,6,,,0,0,,0,0,0,68,247224847,SPDE,28JUL17:10:02:14,28JUL17:10:02:14,0,NONE,DATA,0,---,---,BINARY,NO,,,,,NO,NO,NO,YES,0,,,YES
STD_SABR,STD_DX_2007,,,FACILITY_TYPE,2,3,7,,$FACILITY_TYPE,0,0,,0,0,0,78,247224847,SPDE,28JUL17:10:02:14,28JUL17:10:02:14,0,NONE,DATA,0,---,---,BINARY,NO,,,,,NO,NO,NO,YES,0,,,YES
STD_SABR,STD_DX_2007,,,PATID,2,20,1,,,0,0,,0,0,0,16,247224847,SPDE,28JUL17:10:02:14,28JUL17:10:02:14,0,NONE,DATA,0,---,---,BINARY,NO,,,,,NO,NO,NO,YES,0,,,YES
STD_SABR,STD_DX_2007,,,PDX,2,2,14,,,0,0,,0,0,0,101,247224847,SPDE,28JUL17:10:02:14,28JUL17:10:02:14,0,NONE,DATA,0,---,---,BINARY,NO,,,,,NO,NO,NO,YES,0,,,YES
STD_SABR,STD_DX_2007,,,POA,2,1,19,,,0,0,,0,0,0,113,247224847,SPDE,28JUL17:10:02:14,28JUL17:10:02:14,0,NONE,DATA,0,---,---,BINARY,NO,,,,,NO,NO,NO,YES,0,,,YES
STD_SABR,STD_DX_2007,,,PROVIDERID,2,10,3,,,0,0,,0,0,0,51,247224847,SPDE,28JUL17:10:02:14,28JUL17:10:02:14,0,NONE,DATA,0,---,---,BINARY,NO,,,,,NO,NO,NO,YES,0,,,YES
STD_SABR,STD_DX_2007,,,PROVIDERID_TYPE,2,4,4,,,0,0,,0,0,0,61,247224847,SPDE,28JUL17:10:02:14,28JUL17:10:02:14,0,NONE,DATA,0,---,---,BINARY,NO,,,,,NO,NO,NO,YES,0,,,YES
STD_SABR,STD_DX_2007,,,PROV_TYPE,2,3,5,,,0,0,,0,0,0,65,247224847,SPDE,28JUL17:10:02:14,28JUL17:10:02:14,0,NONE,DATA,0,---,---,BINARY,NO,,,,,NO,NO,NO,YES,0,,,YES
STD_SABR,STD_DX_2007,,,SOURCE,2,5,16,,,0,0,,0,0,0,105,247224847,SPDE,28JUL17:10:02:14,28JUL17:10:02:14,0,NONE,DATA,0,---,---,BINARY,NO,,,,,NO,NO,NO,YES,0,,,YES
STD_SABR,STD_DX_2008_V2,,,ADMIT_DATE,1,4,8,,MMDDYY,10,0,,0,0,0,0,260291358,SPDE,31JUL17:12:41:42,31JUL17:12:41:42,0,NONE,DATA,0,---,---,BINARY,NO,,,,,NO,NO,NO,YES,0,,,YES
STD_SABR,STD_DX_2008_V2,,,ADMIT_TYPE,2,1,18,,,0,0,,0,0,0,112,260291358,SPDE,31JUL17:12:41:42,31JUL17:12:41:42,0,NONE,DATA,0,---,---,BINARY,NO,,,,,NO,NO,NO,YES,0,,,YES
STD_SABR,STD_DX_2008_V2,,,BEGIN_DATE,1,4,10,,MMDDYY,10,0,,0,0,0,8,260291358,SPDE,31JUL17:12:41:42,31JUL17:12:41:42,0,NONE,DATA,0,---,---,BINARY,NO,,,,,NO,NO,NO,YES,0,,,YES
STD_SABR,STD_DX_2008_V2,,,DISCHARGE_DATE,1,4,9,,MMDDYY,10,0,,0,0,0,4,260291358,SPDE,31JUL17:12:41:42,31JUL17:12:41:42,0,NONE,DATA,0,---,---,BINARY,NO,,,,,NO,NO,NO,YES,0,,,YES
STD_SABR,STD_DX_2008_V2,,,DISCHARGE_STATUS,2,2,15,,,0,0,,0,0,0,103,260291358,SPDE,31JUL17:12:41:42,31JUL17:12:41:42,0,NONE,DATA,0,---,---,BINARY,NO,,,,,NO,NO,NO,YES,0,,,YES
STD_SABR,STD_DX_2008_V2,,,DX,2,18,12,,,0,0,,0,0,0,81,260291358,SPDE,31JUL17:12:41:42,31JUL17:12:41:42,0,NONE,DATA,0,---,---,BINARY,NO,,,,,NO,NO,NO,YES,0,,,YES
STD_SABR,STD_DX_2008_V2,,,DX_TYPE,2,2,13,,,0,0,,0,0,0,99,260291358,SPDE,31JUL17:12:41:42,31JUL17:12:41:42,0,NONE,DATA,0,---,---,BINARY,NO,,,,,NO,NO,NO,YES,0,,,YES
STD_SABR,STD_DX_2008_V2,,,ENCOUNTERID,2,15,2,,,0,0,,0,0,0,36,260291358,SPDE,31JUL17:12:41:42,31JUL17:12:41:42,0,NONE,DATA,0,---,---,BINARY,NO,,,,,NO,NO,NO,YES,0,,,YES
STD_SABR,STD_DX_2008_V2,,,ENC_TYPE,2,2,17,,$,2,0,,0,0,0,110,260291358,SPDE,31JUL17:12:41:42,31JUL17:12:41:42,0,NONE,DATA,0,---,---,BINARY,NO,,,,,NO,NO,NO,YES,0,,,YES
STD_SABR,STD_DX_2008_V2,,,END_DATE,1,4,11,,MMDDYY,10,0,,0,0,0,12,260291358,SPDE,31JUL17:12:41:42,31JUL17:12:41:42,0,NONE,DATA,0,---,---,BINARY,NO,,,,,NO,NO,NO,YES,0,,,YES
STD_SABR,STD_DX_2008_V2,,,FACILITYID,2,10,6,,,0,0,,0,0,0,68,260291358,SPDE,31JUL17:12:41:42,31JUL17:12:41:42,0,NONE,DATA,0,---,---,BINARY,NO,,,,,NO,NO,NO,YES,0,,,YES
STD_SABR,STD_DX_2008_V2,,,FACILITY_TYPE,2,3,7,,$FACILITY_TYPE,0,0,,0,0,0,78,260291358,SPDE,31JUL17:12:41:42,31JUL17:12:41:42,0,NONE,DATA,0,---,---,BINARY,NO,,,,,NO,NO,NO,YES,0,,,YES
STD_SABR,STD_DX_2008_V2,,,PATID,2,20,1,,,0,0,,0,0,0,16,260291358,SPDE,31JUL17:12:41:42,31JUL17:12:41:42,0,NONE,DATA,0,---,---,BINARY,NO,,,,,NO,NO,NO,YES,0,,,YES
STD_SABR,STD_DX_2008_V2,,,PDX,2,2,14,,,0,0,,0,0,0,101,260291358,SPDE,31JUL17:12:41:42,31JUL17:12:41:42,0,NONE,DATA,0,---,---,BINARY,NO,,,,,NO,NO,NO,YES,0,,,YES
STD_SABR,STD_DX_2008_V2,,,POA,2,1,19,,,0,0,,0,0,0,113,260291358,SPDE,31JUL17:12:41:42,31JUL17:12:41:42,0,NONE,DATA,0,---,---,BINARY,NO,,,,,NO,NO,NO,YES,0,,,YES
STD_SABR,STD_DX_2008_V2,,,PROVIDERID,2,10,3,,,0,0,,0,0,0,51,260291358,SPDE,31JUL17:12:41:42,31JUL17:12:41:42,0,NONE,DATA,0,---,---,BINARY,NO,,,,,NO,NO,NO,YES,0,,,YES
STD_SABR,STD_DX_2008_V2,,,PROVIDERID_TYPE,2,4,4,,,0,0,,0,0,0,61,260291358,SPDE,31JUL17:12:41:42,31JUL17:12:41:42,0,NONE,DATA,0,---,---,BINARY,NO,,,,,NO,NO,NO,YES,0,,,YES
STD_SABR,STD_DX_2008_V2,,,PROV_TYPE,2,3,5,,,0,0,,0,0,0,65,260291358,SPDE,31JUL17:12:41:42,31JUL17:12:41:42,0,NONE,DATA,0,---,---,BINARY,NO,,,,,NO,NO,NO,YES,0,,,YES
STD_SABR,STD_DX_2008_V2,,,SOURCE,2,5,16,,,0,0,,0,0,0,105,260291358,SPDE,31JUL17:12:41:42,31JUL17:12:41:42,0,NONE,DATA,0,---,---,BINARY,NO,,,,,NO,NO,NO,YES,0,,,YES
STD_SABR,STD_DX_2009,,,ADMIT_DATE,1,4,8,,MMDDYY,10,0,,0,0,0,0,266344677,SPDE,28JUL17:10:29:41,28JUL17:10:29:41,0,NONE,DATA,0,---,---,BINARY,NO,,,,,NO,NO,NO,YES,0,,,YES
STD_SABR,STD_DX_2009,,,ADMIT_TYPE,2,1,18,,,0,0,,0,0,0,112,266344677,SPDE,28JUL17:10:29:41,28JUL17:10:29:41,0,NONE,DATA,0,---,---,BINARY,NO,,,,,NO,NO,NO,YES,0,,,YES
STD_SABR,STD_DX_2009,,,BEGIN_DATE,1,4,10,,MMDDYY,10,0,,0,0,0,8,266344677,SPDE,28JUL17:10:29:41,28JUL17:10:29:41,0,NONE,DATA,0,---,---,BINARY,NO,,,,,NO,NO,NO,YES,0,,,YES
STD_SABR,STD_DX_2009,,,DISCHARGE_DATE,1,4,9,,MMDDYY,10,0,,0,0,0,4,266344677,SPDE,28JUL17:10:29:41,28JUL17:10:29:41,0,NONE,DATA,0,---,---,BINARY,NO,,,,,NO,NO,NO,YES,0,,,YES
STD_SABR,STD_DX_2009,,,DISCHARGE_STATUS,2,2,15,,,0,0,,0,0,0,103,266344677,SPDE,28JUL17:10:29:41,28JUL17:10:29:41,0,NONE,DATA,0,---,---,BINARY,NO,,,,,NO,NO,NO,YES,0,,,YES
STD_SABR,STD_DX_2009,,,DX,2,18,12,,,0,0,,0,0,0,81,266344677,SPDE,28JUL17:10:29:41,28JUL17:10:29:41,0,NONE,DATA,0,---,---,BINARY,NO,,,,,NO,NO,NO,YES,0,,,YES
STD_SABR,STD_DX_2009,,,DX_TYPE,2,2,13,,,0,0,,0,0,0,99,266344677,SPDE,28JUL17:10:29:41,28JUL17:10:29:41,0,NONE,DATA,0,---,---,BINARY,NO,,,,,NO,NO,NO,YES,0,,,YES
STD_SABR,STD_DX_2009,,,ENCOUNTERID,2,15,2,,,0,0,,0,0,0,36,266344677,SPDE,28JUL17:10:29:41,28JUL17:10:29:41,0,NONE,DATA,0,---,---,BINARY,NO,,,,,NO,NO,NO,YES,0,,,YES
STD_SABR,STD_DX_2009,,,ENC_TYPE,2,2,17,,$,2,0,,0,0,0,110,266344677,SPDE,28JUL17:10:29:41,28JUL17:10:29:41,0,NONE,DATA,0,---,---,BINARY,NO,,,,,NO,NO,NO,YES,0,,,YES
STD_SABR,STD_DX_2009,,,END_DATE,1,4,11,,MMDDYY,10,0,,0,0,0,12,266344677,SPDE,28JUL17:10:29:41,28JUL17:10:29:41,0,NONE,DATA,0,---,---,BINARY,NO,,,,,NO,NO,NO,YES,0,,,YES
STD_SABR,STD_DX_2009,,,FACILITYID,2,10,6,,,0,0,,0,0,0,68,266344677,SPDE,28JUL17:10:29:41,28JUL17:10:29:41,0,NONE,DATA,0,---,---,BINARY,NO,,,,,NO,NO,NO,YES,0,,,YES
STD_SABR,STD_DX_2009,,,FACILITY_TYPE,2,3,7,,$FACILITY_TYPE,0,0,,0,0,0,78,266344677,SPDE,28JUL17:10:29:41,28JUL17:10:29:41,0,NONE,DATA,0,---,---,BINARY,NO,,,,,NO,NO,NO,YES,0,,,YES
STD_SABR,STD_DX_2009,,,PATID,2,20,1,,,0,0,,0,0,0,16,266344677,SPDE,28JUL17:10:29:41,28JUL17:10:29:41,0,NONE,DATA,0,---,---,BINARY,NO,,,,,NO,NO,NO,YES,0,,,YES
STD_SABR,STD_DX_2009,,,PDX,2,2,14,,,0,0,,0,0,0,101,266344677,SPDE,28JUL17:10:29:41,28JUL17:10:29:41,0,NONE,DATA,0,---,---,BINARY,NO,,,,,NO,NO,NO,YES,0,,,YES
STD_SABR,STD_DX_2009,,,POA,2,1,19,,,0,0,,0,0,0,113,266344677,SPDE,28JUL17:10:29:41,28JUL17:10:29:41,0,NONE,DATA,0,---,---,BINARY,NO,,,,,NO,NO,NO,YES,0,,,YES
STD_SABR,STD_DX_2009,,,PROVIDERID,2,10,3,,,0,0,,0,0,0,51,266344677,SPDE,28JUL17:10:29:41,28JUL17:10:29:41,0,NONE,DATA,0,---,---,BINARY,NO,,,,,NO,NO,NO,YES,0,,,YES
STD_SABR,STD_DX_2009,,,PROVIDERID_TYPE,2,4,4,,,0,0,,0,0,0,61,266344677,SPDE,28JUL17:10:29:41,28JUL17:10:29:41,0,NONE,DATA,0,---,---,BINARY,NO,,,,,NO,NO,NO,YES,0,,,YES
STD_SABR,STD_DX_2009,,,PROV_TYPE,2,3,5,,,0,0,,0,0,0,65,266344677,SPDE,28JUL17:10:29:41,28JUL17:10:29:41,0,NONE,DATA,0,---,---,BINARY,NO,,,,,NO,NO,NO,YES,0,,,YES
STD_SABR,STD_DX_2009,,,SOURCE,2,5,16,,,0,0,,0,0,0,105,266344677,SPDE,28JUL17:10:29:41,28JUL17:10:29:41,0,NONE,DATA,0,---,---,BINARY,NO,,,,,NO,NO,NO,YES,0,,,YES
STD_SABR,STD_DX_2010,,,ADMIT_DATE,1,4,8,,MMDDYY,10,0,,0,0,0,0,322010711,SPDE,28JUL17:10:40:21,28JUL17:10:40:21,0,NONE,DATA,0,---,---,BINARY,NO,,,,,NO,NO,NO,YES,0,,,YES
STD_SABR,STD_DX_2010,,,ADMIT_TYPE,2,1,18,,,0,0,,0,0,0,112,322010711,SPDE,28JUL17:10:40:21,28JUL17:10:40:21,0,NONE,DATA,0,---,---,BINARY,NO,,,,,NO,NO,NO,YES,0,,,YES
STD_SABR,STD_DX_2010,,,BEGIN_DATE,1,4,10,,MMDDYY,10,0,,0,0,0,8,322010711,SPDE,28JUL17:10:40:21,28JUL17:10:40:21,0,NONE,DATA,0,---,---,BINARY,NO,,,,,NO,NO,NO,YES,0,,,YES
STD_SABR,STD_DX_2010,,,DISCHARGE_DATE,1,4,9,,MMDDYY,10,0,,0,0,0,4,322010711,SPDE,28JUL17:10:40:21,28JUL17:10:40:21,0,NONE,DATA,0,---,---,BINARY,NO,,,,,NO,NO,NO,YES,0,,,YES
STD_SABR,STD_DX_2010,,,DISCHARGE_STATUS,2,2,15,,,0,0,,0,0,0,103,322010711,SPDE,28JUL17:10:40:21,28JUL17:10:40:21,0,NONE,DATA,0,---,---,BINARY,NO,,,,,NO,NO,NO,YES,0,,,YES
STD_SABR,STD_DX_2010,,,DX,2,18,12,,,0,0,,0,0,0,81,322010711,SPDE,28JUL17:10:40:21,28JUL17:10:40:21,0,NONE,DATA,0,---,---,BINARY,NO,,,,,NO,NO,NO,YES,0,,,YES
STD_SABR,STD_DX_2010,,,DX_TYPE,2,2,13,,,0,0,,0,0,0,99,322010711,SPDE,28JUL17:10:40:21,28JUL17:10:40:21,0,NONE,DATA,0,---,---,BINARY,NO,,,,,NO,NO,NO,YES,0,,,YES
STD_SABR,STD_DX_2010,,,ENCOUNTERID,2,15,2,,,0,0,,0,0,0,36,322010711,SPDE,28JUL17:10:40:21,28JUL17:10:40:21,0,NONE,DATA,0,---,---,BINARY,NO,,,,,NO,NO,NO,YES,0,,,YES
STD_SABR,STD_DX_2010,,,ENC_TYPE,2,2,17,,$,2,0,,0,0,0,110,322010711,SPDE,28JUL17:10:40:21,28JUL17:10:40:21,0,NONE,DATA,0,---,---,BINARY,NO,,,,,NO,NO,NO,YES,0,,,YES
STD_SABR,STD_DX_2010,,,END_DATE,1,4,11,,MMDDYY,10,0,,0,0,0,12,322010711,SPDE,28JUL17:10:40:21,28JUL17:10:40:21,0,NONE,DATA,0,---,---,BINARY,NO,,,,,NO,NO,NO,YES,0,,,YES
STD_SABR,STD_DX_2010,,,FACILITYID,2,10,6,,,0,0,,0,0,0,68,322010711,SPDE,28JUL17:10:40:21,28JUL17:10:40:21,0,NONE,DATA,0,---,---,BINARY,NO,,,,,NO,NO,NO,YES,0,,,YES
STD_SABR,STD_DX_2010,,,FACILITY_TYPE,2,3,7,,$FACILITY_TYPE,0,0,,0,0,0,78,322010711,SPDE,28JUL17:10:40:21,28JUL17:10:40:21,0,NONE,DATA,0,---,---,BINARY,NO,,,,,NO,NO,NO,YES,0,,,YES
STD_SABR,STD_DX_2010,,,PATID,2,20,1,,,0,0,,0,0,0,16,322010711,SPDE,28JUL17:10:40:21,28JUL17:10:40:21,0,NONE,DATA,0,---,---,BINARY,NO,,,,,NO,NO,NO,YES,0,,,YES
STD_SABR,STD_DX_2010,,,PDX,2,2,14,,,0,0,,0,0,0,101,322010711,SPDE,28JUL17:10:40:21,28JUL17:10:40:21,0,NONE,DATA,0,---,---,BINARY,NO,,,,,NO,NO,NO,YES,0,,,YES
STD_SABR,STD_DX_2010,,,POA,2,1,19,,,0,0,,0,0,0,113,322010711,SPDE,28JUL17:10:40:21,28JUL17:10:40:21,0,NONE,DATA,0,---,---,BINARY,NO,,,,,NO,NO,NO,YES,0,,,YES
STD_SABR,STD_DX_2010,,,PROVIDERID,2,10,3,,,0,0,,0,0,0,51,322010711,SPDE,28JUL17:10:40:21,28JUL17:10:40:21,0,NONE,DATA,0,---,---,BINARY,NO,,,,,NO,NO,NO,YES,0,,,YES
STD_SABR,STD_DX_2010,,,PROVIDERID_TYPE,2,4,4,,,0,0,,0,0,0,61,322010711,SPDE,28JUL17:10:40:21,28JUL17:10:40:21,0,NONE,DATA,0,---,---,BINARY,NO,,,,,NO,NO,NO,YES,0,,,YES
STD_SABR,STD_DX_2010,,,PROV_TYPE,2,3,5,,,0,0,,0,0,0,65,322010711,SPDE,28JUL17:10:40:21,28JUL17:10:40:21,0,NONE,DATA,0,---,---,BINARY,NO,,,,,NO,NO,NO,YES,0,,,YES
STD_SABR,STD_DX_2010,,,SOURCE,2,5,16,,,0,0,,0,0,0,105,322010711,SPDE,28JUL17:10:40:21,28JUL17:10:40:21,0,NONE,DATA,0,---,---,BINARY,NO,,,,,NO,NO,NO,YES,0,,,YES
STD_SABR,STD_DX_2011,,,ADMIT_DATE,1,4,8,,MMDDYY,10,0,,0,0,0,0,441275338,SPDE,28JUL17:10:52:22,28JUL17:10:52:22,0,NONE,DATA,0,---,---,BINARY,NO,,,,,NO,NO,NO,YES,0,,,YES
STD_SABR,STD_DX_2011,,,ADMIT_TYPE,2,1,18,,,0,0,,0,0,0,112,441275338,SPDE,28JUL17:10:52:22,28JUL17:10:52:22,0,NONE,DATA,0,---,---,BINARY,NO,,,,,NO,NO,NO,YES,0,,,YES
STD_SABR,STD_DX_2011,,,BEGIN_DATE,1,4,10,,MMDDYY,10,0,,0,0,0,8,441275338,SPDE,28JUL17:10:52:22,28JUL17:10:52:22,0,NONE,DATA,0,---,---,BINARY,NO,,,,,NO,NO,NO,YES,0,,,YES
STD_SABR,STD_DX_2011,,,DISCHARGE_DATE,1,4,9,,MMDDYY,10,0,,0,0,0,4,441275338,SPDE,28JUL17:10:52:22,28JUL17:10:52:22,0,NONE,DATA,0,---,---,BINARY,NO,,,,,NO,NO,NO,YES,0,,,YES
STD_SABR,STD_DX_2011,,,DISCHARGE_STATUS,2,2,15,,,0,0,,0,0,0,103,441275338,SPDE,28JUL17:10:52:22,28JUL17:10:52:22,0,NONE,DATA,0,---,---,BINARY,NO,,,,,NO,NO,NO,YES,0,,,YES
STD_SABR,STD_DX_2011,,,DX,2,18,12,,,0,0,,0,0,0,81,441275338,SPDE,28JUL17:10:52:22,28JUL17:10:52:22,0,NONE,DATA,0,---,---,BINARY,NO,,,,,NO,NO,NO,YES,0,,,YES
STD_SABR,STD_DX_2011,,,DX_TYPE,2,2,13,,,0,0,,0,0,0,99,441275338,SPDE,28JUL17:10:52:22,28JUL17:10:52:22,0,NONE,DATA,0,---,---,BINARY,NO,,,,,NO,NO,NO,YES,0,,,YES
STD_SABR,STD_DX_2011,,,ENCOUNTERID,2,15,2,,,0,0,,0,0,0,36,441275338,SPDE,28JUL17:10:52:22,28JUL17:10:52:22,0,NONE,DATA,0,---,---,BINARY,NO,,,,,NO,NO,NO,YES,0,,,YES
STD_SABR,STD_DX_2011,,,ENC_TYPE,2,2,17,,$,2,0,,0,0,0,110,441275338,SPDE,28JUL17:10:52:22,28JUL17:10:52:22,0,NONE,DATA,0,---,---,BINARY,NO,,,,,NO,NO,NO,YES,0,,,YES
STD_SABR,STD_DX_2011,,,END_DATE,1,4,11,,MMDDYY,10,0,,0,0,0,12,441275338,SPDE,28JUL17:10:52:22,28JUL17:10:52:22,0,NONE,DATA,0,---,---,BINARY,NO,,,,,NO,NO,NO,YES,0,,,YES
STD_SABR,STD_DX_2011,,,FACILITYID,2,10,6,,,0,0,,0,0,0,68,441275338,SPDE,28JUL17:10:52:22,28JUL17:10:52:22,0,NONE,DATA,0,---,---,BINARY,NO,,,,,NO,NO,NO,YES,0,,,YES
STD_SABR,STD_DX_2011,,,FACILITY_TYPE,2,3,7,,$FACILITY_TYPE,0,0,,0,0,0,78,441275338,SPDE,28JUL17:10:52:22,28JUL17:10:52:22,0,NONE,DATA,0,---,---,BINARY,NO,,,,,NO,NO,NO,YES,0,,,YES
STD_SABR,STD_DX_2011,,,PATID,2,20,1,,,0,0,,0,0,0,16,441275338,SPDE,28JUL17:10:52:22,28JUL17:10:52:22,0,NONE,DATA,0,---,---,BINARY,NO,,,,,NO,NO,NO,YES,0,,,YES
STD_SABR,STD_DX_2011,,,PDX,2,2,14,,,0,0,,0,0,0,101,441275338,SPDE,28JUL17:10:52:22,28JUL17:10:52:22,0,NONE,DATA,0,---,---,BINARY,NO,,,,,NO,NO,NO,YES,0,,,YES
STD_SABR,STD_DX_2011,,,POA,2,1,19,,,0,0,,0,0,0,113,441275338,SPDE,28JUL17:10:52:22,28JUL17:10:52:22,0,NONE,DATA,0,---,---,BINARY,NO,,,,,NO,NO,NO,YES,0,,,YES
STD_SABR,STD_DX_2011,,,PROVIDERID,2,10,3,,,0,0,,0,0,0,51,441275338,SPDE,28JUL17:10:52:22,28JUL17:10:52:22,0,NONE,DATA,0,---,---,BINARY,NO,,,,,NO,NO,NO,YES,0,,,YES
STD_SABR,STD_DX_2011,,,PROVIDERID_TYPE,2,4,4,,,0,0,,0,0,0,61,441275338,SPDE,28JUL17:10:52:22,28JUL17:10:52:22,0,NONE,DATA,0,---,---,BINARY,NO,,,,,NO,NO,NO,YES,0,,,YES
STD_SABR,STD_DX_2011,,,PROV_TYPE,2,3,5,,,0,0,,0,0,0,65,441275338,SPDE,28JUL17:10:52:22,28JUL17:10:52:22,0,NONE,DATA,0,---,---,BINARY,NO,,,,,NO,NO,NO,YES,0,,,YES
STD_SABR,STD_DX_2011,,,SOURCE,2,5,16,,,0,0,,0,0,0,105,441275338,SPDE,28JUL17:10:52:22,28JUL17:10:52:22,0,NONE,DATA,0,---,---,BINARY,NO,,,,,NO,NO,NO,YES,0,,,YES
STD_SABR,STD_DX_2012,,,ADMIT_DATE,1,4,8,,MMDDYY,10,0,,0,0,0,0,396554981,SPDE,28JUL17:11:07:05,28JUL17:11:07:05,0,NONE,DATA,0,---,---,BINARY,NO,,,,,NO,NO,NO,YES,0,,,YES
STD_SABR,STD_DX_2012,,,ADMIT_TYPE,2,1,18,,,0,0,,0,0,0,112,396554981,SPDE,28JUL17:11:07:05,28JUL17:11:07:05,0,NONE,DATA,0,---,---,BINARY,NO,,,,,NO,NO,NO,YES,0,,,YES
STD_SABR,STD_DX_2012,,,BEGIN_DATE,1,4,10,,MMDDYY,10,0,,0,0,0,8,396554981,SPDE,28JUL17:11:07:05,28JUL17:11:07:05,0,NONE,DATA,0,---,---,BINARY,NO,,,,,NO,NO,NO,YES,0,,,YES
STD_SABR,STD_DX_2012,,,DISCHARGE_DATE,1,4,9,,MMDDYY,10,0,,0,0,0,4,396554981,SPDE,28JUL17:11:07:05,28JUL17:11:07:05,0,NONE,DATA,0,---,---,BINARY,NO,,,,,NO,NO,NO,YES,0,,,YES
STD_SABR,STD_DX_2012,,,DISCHARGE_STATUS,2,2,15,,,0,0,,0,0,0,103,396554981,SPDE,28JUL17:11:07:05,28JUL17:11:07:05,0,NONE,DATA,0,---,---,BINARY,NO,,,,,NO,NO,NO,YES,0,,,YES
STD_SABR,STD_DX_2012,,,DX,2,18,12,,,0,0,,0,0,0,81,396554981,SPDE,28JUL17:11:07:05,28JUL17:11:07:05,0,NONE,DATA,0,---,---,BINARY,NO,,,,,NO,NO,NO,YES,0,,,YES
STD_SABR,STD_DX_2012,,,DX_TYPE,2,2,13,,,0,0,,0,0,0,99,396554981,SPDE,28JUL17:11:07:05,28JUL17:11:07:05,0,NONE,DATA,0,---,---,BINARY,NO,,,,,NO,NO,NO,YES,0,,,YES
STD_SABR,STD_DX_2012,,,ENCOUNTERID,2,15,2,,,0,0,,0,0,0,36,396554981,SPDE,28JUL17:11:07:05,28JUL17:11:07:05,0,NONE,DATA,0,---,---,BINARY,NO,,,,,NO,NO,NO,YES,0,,,YES
STD_SABR,STD_DX_2012,,,ENC_TYPE,2,2,17,,$,2,0,,0,0,0,110,396554981,SPDE,28JUL17:11:07:05,28JUL17:11:07:05,0,NONE,DATA,0,---,---,BINARY,NO,,,,,NO,NO,NO,YES,0,,,YES
STD_SABR,STD_DX_2012,,,END_DATE,1,4,11,,MMDDYY,10,0,,0,0,0,12,396554981,SPDE,28JUL17:11:07:05,28JUL17:11:07:05,0,NONE,DATA,0,---,---,BINARY,NO,,,,,NO,NO,NO,YES,0,,,YES
STD_SABR,STD_DX_2012,,,FACILITYID,2,10,6,,,0,0,,0,0,0,68,396554981,SPDE,28JUL17:11:07:05,28JUL17:11:07:05,0,NONE,DATA,0,---,---,BINARY,NO,,,,,NO,NO,NO,YES,0,,,YES
STD_SABR,STD_DX_2012,,,FACILITY_TYPE,2,3,7,,$FACILITY_TYPE,0,0,,0,0,0,78,396554981,SPDE,28JUL17:11:07:05,28JUL17:11:07:05,0,NONE,DATA,0,---,---,BINARY,NO,,,,,NO,NO,NO,YES,0,,,YES
STD_SABR,STD_DX_2012,,,PATID,2,20,1,,,0,0,,0,0,0,16,396554981,SPDE,28JUL17:11:07:05,28JUL17:11:07:05,0,NONE,DATA,0,---,---,BINARY,NO,,,,,NO,NO,NO,YES,0,,,YES
STD_SABR,STD_DX_2012,,,PDX,2,2,14,,,0,0,,0,0,0,101,396554981,SPDE,28JUL17:11:07:05,28JUL17:11:07:05,0,NONE,DATA,0,---,---,BINARY,NO,,,,,NO,NO,NO,YES,0,,,YES
STD_SABR,STD_DX_2012,,,POA,2,1,19,,,0,0,,0,0,0,113,396554981,SPDE,28JUL17:11:07:05,28JUL17:11:07:05,0,NONE,DATA,0,---,---,BINARY,NO,,,,,NO,NO,NO,YES,0,,,YES
STD_SABR,STD_DX_2012,,,PROVIDERID,2,10,3,,,0,0,,0,0,0,51,396554981,SPDE,28JUL17:11:07:05,28JUL17:11:07:05,0,NONE,DATA,0,---,---,BINARY,NO,,,,,NO,NO,NO,YES,0,,,YES
STD_SABR,STD_DX_2012,,,PROVIDERID_TYPE,2,4,4,,,0,0,,0,0,0,61,396554981,SPDE,28JUL17:11:07:05,28JUL17:11:07:05,0,NONE,DATA,0,---,---,BINARY,NO,,,,,NO,NO,NO,YES,0,,,YES
STD_SABR,STD_DX_2012,,,PROV_TYPE,2,3,5,,,0,0,,0,0,0,65,396554981,SPDE,28JUL17:11:07:05,28JUL17:11:07:05,0,NONE,DATA,0,---,---,BINARY,NO,,,,,NO,NO,NO,YES,0,,,YES
STD_SABR,STD_DX_2012,,,SOURCE,2,5,16,,,0,0,,0,0,0,105,396554981,SPDE,28JUL17:11:07:05,28JUL17:11:07:05,0,NONE,DATA,0,---,---,BINARY,NO,,,,,NO,NO,NO,YES,0,,,YES
STD_SABR,STD_DX_2013,,,ADMIT_DATE,1,4,8,,MMDDYY,10,0,,0,0,0,0,791523008,SPDE,28JUL17:11:22:35,28JUL17:11:22:35,0,NONE,DATA,0,---,---,BINARY,NO,,,,,NO,NO,NO,YES,0,,,YES
STD_SABR,STD_DX_2013,,,ADMIT_TYPE,2,1,18,,,0,0,,0,0,0,112,791523008,SPDE,28JUL17:11:22:35,28JUL17:11:22:35,0,NONE,DATA,0,---,---,BINARY,NO,,,,,NO,NO,NO,YES,0,,,YES
STD_SABR,STD_DX_2013,,,BEGIN_DATE,1,4,10,,MMDDYY,10,0,,0,0,0,8,791523008,SPDE,28JUL17:11:22:35,28JUL17:11:22:35,0,NONE,DATA,0,---,---,BINARY,NO,,,,,NO,NO,NO,YES,0,,,YES
STD_SABR,STD_DX_2013,,,DISCHARGE_DATE,1,4,9,,MMDDYY,10,0,,0,0,0,4,791523008,SPDE,28JUL17:11:22:35,28JUL17:11:22:35,0,NONE,DATA,0,---,---,BINARY,NO,,,,,NO,NO,NO,YES,0,,,YES
STD_SABR,STD_DX_2013,,,DISCHARGE_STATUS,2,2,15,,,0,0,,0,0,0,103,791523008,SPDE,28JUL17:11:22:35,28JUL17:11:22:35,0,NONE,DATA,0,---,---,BINARY,NO,,,,,NO,NO,NO,YES,0,,,YES
STD_SABR,STD_DX_2013,,,DX,2,18,12,,,0,0,,0,0,0,81,791523008,SPDE,28JUL17:11:22:35,28JUL17:11:22:35,0,NONE,DATA,0,---,---,BINARY,NO,,,,,NO,NO,NO,YES,0,,,YES
STD_SABR,STD_DX_2013,,,DX_TYPE,2,2,13,,,0,0,,0,0,0,99,791523008,SPDE,28JUL17:11:22:35,28JUL17:11:22:35,0,NONE,DATA,0,---,---,BINARY,NO,,,,,NO,NO,NO,YES,0,,,YES
STD_SABR,STD_DX_2013,,,ENCOUNTERID,2,15,2,,,0,0,,0,0,0,36,791523008,SPDE,28JUL17:11:22:35,28JUL17:11:22:35,0,NONE,DATA,0,---,---,BINARY,NO,,,,,NO,NO,NO,YES,0,,,YES
STD_SABR,STD_DX_2013,,,ENC_TYPE,2,2,17,,$,2,0,,0,0,0,110,791523008,SPDE,28JUL17:11:22:35,28JUL17:11:22:35,0,NONE,DATA,0,---,---,BINARY,NO,,,,,NO,NO,NO,YES,0,,,YES
STD_SABR,STD_DX_2013,,,END_DATE,1,4,11,,MMDDYY,10,0,,0,0,0,12,791523008,SPDE,28JUL17:11:22:35,28JUL17:11:22:35,0,NONE,DATA,0,---,---,BINARY,NO,,,,,NO,NO,NO,YES,0,,,YES
STD_SABR,STD_DX_2013,,,FACILITYID,2,10,6,,,0,0,,0,0,0,68,791523008,SPDE,28JUL17:11:22:35,28JUL17:11:22:35,0,NONE,DATA,0,---,---,BINARY,NO,,,,,NO,NO,NO,YES,0,,,YES
STD_SABR,STD_DX_2013,,,FACILITY_TYPE,2,3,7,,$FACILITY_TYPE,0,0,,0,0,0,78,791523008,SPDE,28JUL17:11:22:35,28JUL17:11:22:35,0,NONE,DATA,0,---,---,BINARY,NO,,,,,NO,NO,NO,YES,0,,,YES
STD_SABR,STD_DX_2013,,,PATID,2,20,1,,,0,0,,0,0,0,16,791523008,SPDE,28JUL17:11:22:35,28JUL17:11:22:35,0,NONE,DATA,0,---,---,BINARY,NO,,,,,NO,NO,NO,YES,0,,,YES
STD_SABR,STD_DX_2013,,,PDX,2,2,14,,,0,0,,0,0,0,101,791523008,SPDE,28JUL17:11:22:35,28JUL17:11:22:35,0,NONE,DATA,0,---,---,BINARY,NO,,,,,NO,NO,NO,YES,0,,,YES
STD_SABR,STD_DX_2013,,,POA,2,1,19,,,0,0,,0,0,0,113,791523008,SPDE,28JUL17:11:22:35,28JUL17:11:22:35,0,NONE,DATA,0,---,---,BINARY,NO,,,,,NO,NO,NO,YES,0,,,YES
STD_SABR,STD_DX_2013,,,PROVIDERID,2,10,3,,,0,0,,0,0,0,51,791523008,SPDE,28JUL17:11:22:35,28JUL17:11:22:35,0,NONE,DATA,0,---,---,BINARY,NO,,,,,NO,NO,NO,YES,0,,,YES
STD_SABR,STD_DX_2013,,,PROVIDERID_TYPE,2,4,4,,,0,0,,0,0,0,61,791523008,SPDE,28JUL17:11:22:35,28JUL17:11:22:35,0,NONE,DATA,0,---,---,BINARY,NO,,,,,NO,NO,NO,YES,0,,,YES
STD_SABR,STD_DX_2013,,,PROV_TYPE,2,3,5,,,0,0,,0,0,0,65,791523008,SPDE,28JUL17:11:22:35,28JUL17:11:22:35,0,NONE,DATA,0,---,---,BINARY,NO,,,,,NO,NO,NO,YES,0,,,YES
STD_SABR,STD_DX_2013,,,SOURCE,2,5,16,,,0,0,,0,0,0,105,791523008,SPDE,28JUL17:11:22:35,28JUL17:11:22:35,0,NONE,DATA,0,---,---,BINARY,NO,,,,,NO,NO,NO,YES,0,,,YES
STD_SABR,STD_DX_2014,,,ADMIT_DATE,1,4,8,,MMDDYY,10,0,,0,0,0,0,945892797,SPDE,28JUL17:11:53:17,28JUL17:11:53:17,0,NONE,DATA,0,---,---,BINARY,NO,,,,,NO,NO,NO,YES,0,,,YES
STD_SABR,STD_DX_2014,,,ADMIT_TYPE,2,1,18,,,0,0,,0,0,0,112,945892797,SPDE,28JUL17:11:53:17,28JUL17:11:53:17,0,NONE,DATA,0,---,---,BINARY,NO,,,,,NO,NO,NO,YES,0,,,YES
STD_SABR,STD_DX_2014,,,BEGIN_DATE,1,4,10,,MMDDYY,10,0,,0,0,0,8,945892797,SPDE,28JUL17:11:53:17,28JUL17:11:53:17,0,NONE,DATA,0,---,---,BINARY,NO,,,,,NO,NO,NO,YES,0,,,YES
STD_SABR,STD_DX_2014,,,DISCHARGE_DATE,1,4,9,,MMDDYY,10,0,,0,0,0,4,945892797,SPDE,28JUL17:11:53:17,28JUL17:11:53:17,0,NONE,DATA,0,---,---,BINARY,NO,,,,,NO,NO,NO,YES,0,,,YES
STD_SABR,STD_DX_2014,,,DISCHARGE_STATUS,2,2,15,,,0,0,,0,0,0,103,945892797,SPDE,28JUL17:11:53:17,28JUL17:11:53:17,0,NONE,DATA,0,---,---,BINARY,NO,,,,,NO,NO,NO,YES,0,,,YES
STD_SABR,STD_DX_2014,,,DX,2,18,12,,,0,0,,0,0,0,81,945892797,SPDE,28JUL17:11:53:17,28JUL17:11:53:17,0,NONE,DATA,0,---,---,BINARY,NO,,,,,NO,NO,NO,YES,0,,,YES
STD_SABR,STD_DX_2014,,,DX_TYPE,2,2,13,,,0,0,,0,0,0,99,945892797,SPDE,28JUL17:11:53:17,28JUL17:11:53:17,0,NONE,DATA,0,---,---,BINARY,NO,,,,,NO,NO,NO,YES,0,,,YES
STD_SABR,STD_DX_2014,,,ENCOUNTERID,2,15,2,,,0,0,,0,0,0,36,945892797,SPDE,28JUL17:11:53:17,28JUL17:11:53:17,0,NONE,DATA,0,---,---,BINARY,NO,,,,,NO,NO,NO,YES,0,,,YES
STD_SABR,STD_DX_2014,,,ENC_TYPE,2,2,17,,$,2,0,,0,0,0,110,945892797,SPDE,28JUL17:11:53:17,28JUL17:11:53:17,0,NONE,DATA,0,---,---,BINARY,NO,,,,,NO,NO,NO,YES,0,,,YES
STD_SABR,STD_DX_2014,,,END_DATE,1,4,11,,MMDDYY,10,0,,0,0,0,12,945892797,SPDE,28JUL17:11:53:17,28JUL17:11:53:17,0,NONE,DATA,0,---,---,BINARY,NO,,,,,NO,NO,NO,YES,0,,,YES
STD_SABR,STD_DX_2014,,,FACILITYID,2,10,6,,,0,0,,0,0,0,68,945892797,SPDE,28JUL17:11:53:17,28JUL17:11:53:17,0,NONE,DATA,0,---,---,BINARY,NO,,,,,NO,NO,NO,YES,0,,,YES
STD_SABR,STD_DX_2014,,,FACILITY_TYPE,2,3,7,,$FACILITY_TYPE,0,0,,0,0,0,78,945892797,SPDE,28JUL17:11:53:17,28JUL17:11:53:17,0,NONE,DATA,0,---,---,BINARY,NO,,,,,NO,NO,NO,YES,0,,,YES
STD_SABR,STD_DX_2014,,,PATID,2,20,1,,,0,0,,0,0,0,16,945892797,SPDE,28JUL17:11:53:17,28JUL17:11:53:17,0,NONE,DATA,0,---,---,BINARY,NO,,,,,NO,NO,NO,YES,0,,,YES
STD_SABR,STD_DX_2014,,,PDX,2,2,14,,,0,0,,0,0,0,101,945892797,SPDE,28JUL17:11:53:17,28JUL17:11:53:17,0,NONE,DATA,0,---,---,BINARY,NO,,,,,NO,NO,NO,YES,0,,,YES
STD_SABR,STD_DX_2014,,,POA,2,1,19,,,0,0,,0,0,0,113,945892797,SPDE,28JUL17:11:53:17,28JUL17:11:53:17,0,NONE,DATA,0,---,---,BINARY,NO,,,,,NO,NO,NO,YES,0,,,YES
STD_SABR,STD_DX_2014,,,PROVIDERID,2,10,3,,,0,0,,0,0,0,51,945892797,SPDE,28JUL17:11:53:17,28JUL17:11:53:17,0,NONE,DATA,0,---,---,BINARY,NO,,,,,NO,NO,NO,YES,0,,,YES
STD_SABR,STD_DX_2014,,,PROVIDERID_TYPE,2,4,4,,,0,0,,0,0,0,61,945892797,SPDE,28JUL17:11:53:17,28JUL17:11:53:17,0,NONE,DATA,0,---,---,BINARY,NO,,,,,NO,NO,NO,YES,0,,,YES
STD_SABR,STD_DX_2014,,,PROV_TYPE,2,3,5,,,0,0,,0,0,0,65,945892797,SPDE,28JUL17:11:53:17,28JUL17:11:53:17,0,NONE,DATA,0,---,---,BINARY,NO,,,,,NO,NO,NO,YES,0,,,YES
STD_SABR,STD_DX_2014,,,SOURCE,2,5,16,,,0,0,,0,0,0,105,945892797,SPDE,28JUL17:11:53:17,28JUL17:11:53:17,0,NONE,DATA,0,---,---,BINARY,NO,,,,,NO,NO,NO,YES,0,,,YES
STD_SABR,STD_ENROLLMENT,,,ENR_END_DATE,1,4,3,,MMDDYY,10,0,,0,0,0,4,3704553,SPDE,26JAN17:12:15:24,26JAN17:12:15:24,0,NONE,DATA,0,---,---,BINARY,NO,,,,,NO,NO,NO,YES,0,,,YES
STD_SABR,STD_ENROLLMENT,,,ENR_START_DATE,1,4,2,,MMDDYY,10,0,,0,0,0,0,3704553,SPDE,26JAN17:12:15:24,26JAN17:12:15:24,0,NONE,DATA,0,---,---,BINARY,NO,,,,,NO,NO,NO,YES,0,,,YES
STD_SABR,STD_ENROLLMENT,,,MEDICAL,2,1,4,,,0,0,,0,0,0,28,3704553,SPDE,26JAN17:12:15:24,26JAN17:12:15:24,0,NONE,DATA,0,---,---,BINARY,NO,,,,,NO,NO,NO,YES,0,,,YES
STD_SABR,STD_ENROLLMENT,,,PATID,2,20,1,,,0,0,,0,0,0,8,3704553,SPDE,26JAN17:12:15:24,26JAN17:12:15:24,0,NONE,DATA,0,---,---,BINARY,NO,,,,,NO,NO,NO,YES,0,,,YES
STD_SABR,STD_ENROLLMENT,,,PHARMACY,2,1,5,,,0,0,,0,0,0,29,3704553,SPDE,26JAN17:12:15:24,26JAN17:12:15:24,0,NONE,DATA,0,---,---,BINARY,NO,,,,,NO,NO,NO,YES,0,,,YES
STD_SABR,STD_PX_2006,,,ADMIT_DATE,1,4,5,,MMDDYY,10,0,,0,0,0,8,168021311,SPDE,28JUL17:09:58:49,28JUL17:09:58:49,0,NONE,DATA,0,---,---,BINARY,NO,,,,,NO,NO,NO,YES,0,,,YES
STD_SABR,STD_PX_2006,,,BEGIN_DATE,1,4,7,,MMDDYY,10,0,,0,0,0,16,168021311,SPDE,28JUL17:09:58:49,28JUL17:09:58:49,0,NONE,DATA,0,---,---,BINARY,NO,,,,,NO,NO,NO,YES,0,,,YES
STD_SABR,STD_PX_2006,,,DISCHARGE_DATE,1,4,6,,MMDDYY,10,0,,0,0,0,12,168021311,SPDE,28JUL17:09:58:49,28JUL17:09:58:49,0,NONE,DATA,0,---,---,BINARY,NO,,,,,NO,NO,NO,YES,0,,,YES
STD_SABR,STD_PX_2006,,,ENCOUNTERID,2,15,2,,,0,0,,0,0,0,48,168021311,SPDE,28JUL17:09:58:49,28JUL17:09:58:49,0,NONE,DATA,0,---,---,BINARY,NO,,,,,NO,NO,NO,YES,0,,,YES
STD_SABR,STD_PX_2006,,,END_DATE,1,4,8,,MMDDYY,10,0,,0,0,0,20,168021311,SPDE,28JUL17:09:58:49,28JUL17:09:58:49,0,NONE,DATA,0,---,---,BINARY,NO,,,,,NO,NO,NO,YES,0,,,YES
STD_SABR,STD_PX_2006,,,FACILITYID,2,10,3,,,0,0,,0,0,0,63,168021311,SPDE,28JUL17:09:58:49,28JUL17:09:58:49,0,NONE,DATA,0,---,---,BINARY,NO,,,,,NO,NO,NO,YES,0,,,YES
STD_SABR,STD_PX_2006,,,FACILITY_TYPE,2,3,4,,$FACILITY_TYPE,0,0,,0,0,0,73,168021311,SPDE,28JUL17:09:58:49,28JUL17:09:58:49,0,NONE,DATA,0,---,---,BINARY,NO,,,,,NO,NO,NO,YES,0,,,YES
STD_SABR,STD_PX_2006,,,PATID,2,20,1,,,0,0,,0,0,0,28,168021311,SPDE,28JUL17:09:58:49,28JUL17:09:58:49,0,NONE,DATA,0,---,---,BINARY,NO,,,,,NO,NO,NO,YES,0,,,YES
STD_SABR,STD_PX_2006,,,PAYMENT,1,8,14,,,0,0,,0,0,0,0,168021311,SPDE,28JUL17:09:58:49,28JUL17:09:58:49,0,NONE,DATA,0,---,---,BINARY,NO,,,,,NO,NO,NO,YES,0,,,YES
STD_SABR,STD_PX_2006,,,PPX,2,2,13,,,0,0,,0,0,0,92,168021311,SPDE,28JUL17:09:58:49,28JUL17:09:58:49,0,NONE,DATA,0,---,---,BINARY,NO,,,,,NO,NO,NO,YES,0,,,YES
STD_SABR,STD_PX_2006,,,PX,2,11,10,,,0,0,,0,0,0,76,168021311,SPDE,28JUL17:09:58:49,28JUL17:09:58:49,0,NONE,DATA,0,---,---,BINARY,NO,,,,,NO,NO,NO,YES,0,,,YES
STD_SABR,STD_PX_2006,,,PX_AMT,1,3,12,,,0,0,,0,0,0,89,168021311,SPDE,28JUL17:09:58:49,28JUL17:09:58:49,0,NONE,DATA,0,---,---,BINARY,NO,,,,,NO,NO,NO,YES,0,,,YES
STD_SABR,STD_PX_2006,,,PX_DATE,1,4,9,,MMDDYY,10,0,,0,0,0,24,168021311,SPDE,28JUL17:09:58:49,28JUL17:09:58:49,0,NONE,DATA,0,---,---,BINARY,NO,,,,,NO,NO,NO,YES,0,,,YES
STD_SABR,STD_PX_2006,,,PX_TYPE,2,2,11,,,0,0,,0,0,0,87,168021311,SPDE,28JUL17:09:58:49,28JUL17:09:58:49,0,NONE,DATA,0,---,---,BINARY,NO,,,,,NO,NO,NO,YES,0,,,YES
STD_SABR,STD_PX_2006,,,SOURCE,2,5,15,,,0,0,,0,0,0,94,168021311,SPDE,28JUL17:09:58:49,28JUL17:09:58:49,0,NONE,DATA,0,---,---,BINARY,NO,,,,,NO,NO,NO,YES,0,,,YES
STD_SABR,STD_PX_2007,,,ADMIT_DATE,1,4,5,,MMDDYY,10,0,,0,0,0,8,184413125,SPDE,28JUL17:10:08:56,28JUL17:10:08:56,0,NONE,DATA,0,---,---,BINARY,NO,,,,,NO,NO,NO,YES,0,,,YES
STD_SABR,STD_PX_2007,,,BEGIN_DATE,1,4,7,,MMDDYY,10,0,,0,0,0,16,184413125,SPDE,28JUL17:10:08:56,28JUL17:10:08:56,0,NONE,DATA,0,---,---,BINARY,NO,,,,,NO,NO,NO,YES,0,,,YES
STD_SABR,STD_PX_2007,,,DISCHARGE_DATE,1,4,6,,MMDDYY,10,0,,0,0,0,12,184413125,SPDE,28JUL17:10:08:56,28JUL17:10:08:56,0,NONE,DATA,0,---,---,BINARY,NO,,,,,NO,NO,NO,YES,0,,,YES
STD_SABR,STD_PX_2007,,,ENCOUNTERID,2,15,2,,,0,0,,0,0,0,48,184413125,SPDE,28JUL17:10:08:56,28JUL17:10:08:56,0,NONE,DATA,0,---,---,BINARY,NO,,,,,NO,NO,NO,YES,0,,,YES
STD_SABR,STD_PX_2007,,,END_DATE,1,4,8,,MMDDYY,10,0,,0,0,0,20,184413125,SPDE,28JUL17:10:08:56,28JUL17:10:08:56,0,NONE,DATA,0,---,---,BINARY,NO,,,,,NO,NO,NO,YES,0,,,YES
STD_SABR,STD_PX_2007,,,FACILITYID,2,10,3,,,0,0,,0,0,0,63,184413125,SPDE,28JUL17:10:08:56,28JUL17:10:08:56,0,NONE,DATA,0,---,---,BINARY,NO,,,,,NO,NO,NO,YES,0,,,YES
STD_SABR,STD_PX_2007,,,FACILITY_TYPE,2,3,4,,$FACILITY_TYPE,0,0,,0,0,0,73,184413125,SPDE,28JUL17:10:08:56,28JUL17:10:08:56,0,NONE,DATA,0,---,---,BINARY,NO,,,,,NO,NO,NO,YES,0,,,YES
STD_SABR,STD_PX_2007,,,PATID,2,20,1,,,0,0,,0,0,0,28,184413125,SPDE,28JUL17:10:08:56,28JUL17:10:08:56,0,NONE,DATA,0,---,---,BINARY,NO,,,,,NO,NO,NO,YES,0,,,YES
STD_SABR,STD_PX_2007,,,PAYMENT,1,8,14,,,0,0,,0,0,0,0,184413125,SPDE,28JUL17:10:08:56,28JUL17:10:08:56,0,NONE,DATA,0,---,---,BINARY,NO,,,,,NO,NO,NO,YES,0,,,YES
STD_SABR,STD_PX_2007,,,PPX,2,2,13,,,0,0,,0,0,0,92,184413125,SPDE,28JUL17:10:08:56,28JUL17:10:08:56,0,NONE,DATA,0,---,---,BINARY,NO,,,,,NO,NO,NO,YES,0,,,YES
STD_SABR,STD_PX_2007,,,PX,2,11,10,,,0,0,,0,0,0,76,184413125,SPDE,28JUL17:10:08:56,28JUL17:10:08:56,0,NONE,DATA,0,---,---,BINARY,NO,,,,,NO,NO,NO,YES,0,,,YES
STD_SABR,STD_PX_2007,,,PX_AMT,1,3,12,,,0,0,,0,0,0,89,184413125,SPDE,28JUL17:10:08:56,28JUL17:10:08:56,0,NONE,DATA,0,---,---,BINARY,NO,,,,,NO,NO,NO,YES,0,,,YES
STD_SABR,STD_PX_2007,,,PX_DATE,1,4,9,,MMDDYY,10,0,,0,0,0,24,184413125,SPDE,28JUL17:10:08:56,28JUL17:10:08:56,0,NONE,DATA,0,---,---,BINARY,NO,,,,,NO,NO,NO,YES,0,,,YES
STD_SABR,STD_PX_2007,,,PX_TYPE,2,2,11,,,0,0,,0,0,0,87,184413125,SPDE,28JUL17:10:08:56,28JUL17:10:08:56,0,NONE,DATA,0,---,---,BINARY,NO,,,,,NO,NO,NO,YES,0,,,YES
STD_SABR,STD_PX_2007,,,SOURCE,2,5,15,,,0,0,,0,0,0,94,184413125,SPDE,28JUL17:10:08:56,28JUL17:10:08:56,0,NONE,DATA,0,---,---,BINARY,NO,,,,,NO,NO,NO,YES,0,,,YES
STD_SABR,STD_PX_2008,,,ADMIT_DATE,1,4,5,,MMDDYY,10,0,,0,0,0,8,195342614,SPDE,28JUL17:10:25:48,28JUL17:10:25:48,0,NONE,DATA,0,---,---,BINARY,NO,,,,,NO,NO,NO,YES,0,,,YES
STD_SABR,STD_PX_2008,,,BEGIN_DATE,1,4,7,,MMDDYY,10,0,,0,0,0,16,195342614,SPDE,28JUL17:10:25:48,28JUL17:10:25:48,0,NONE,DATA,0,---,---,BINARY,NO,,,,,NO,NO,NO,YES,0,,,YES
STD_SABR,STD_PX_2008,,,DISCHARGE_DATE,1,4,6,,MMDDYY,10,0,,0,0,0,12,195342614,SPDE,28JUL17:10:25:48,28JUL17:10:25:48,0,NONE,DATA,0,---,---,BINARY,NO,,,,,NO,NO,NO,YES,0,,,YES
STD_SABR,STD_PX_2008,,,ENCOUNTERID,2,15,2,,,0,0,,0,0,0,48,195342614,SPDE,28JUL17:10:25:48,28JUL17:10:25:48,0,NONE,DATA,0,---,---,BINARY,NO,,,,,NO,NO,NO,YES,0,,,YES
STD_SABR,STD_PX_2008,,,END_DATE,1,4,8,,MMDDYY,10,0,,0,0,0,20,195342614,SPDE,28JUL17:10:25:48,28JUL17:10:25:48,0,NONE,DATA,0,---,---,BINARY,NO,,,,,NO,NO,NO,YES,0,,,YES
STD_SABR,STD_PX_2008,,,FACILITYID,2,10,3,,,0,0,,0,0,0,63,195342614,SPDE,28JUL17:10:25:48,28JUL17:10:25:48,0,NONE,DATA,0,---,---,BINARY,NO,,,,,NO,NO,NO,YES,0,,,YES
STD_SABR,STD_PX_2008,,,FACILITY_TYPE,2,3,4,,$FACILITY_TYPE,0,0,,0,0,0,73,195342614,SPDE,28JUL17:10:25:48,28JUL17:10:25:48,0,NONE,DATA,0,---,---,BINARY,NO,,,,,NO,NO,NO,YES,0,,,YES
STD_SABR,STD_PX_2008,,,PATID,2,20,1,,,0,0,,0,0,0,28,195342614,SPDE,28JUL17:10:25:48,28JUL17:10:25:48,0,NONE,DATA,0,---,---,BINARY,NO,,,,,NO,NO,NO,YES,0,,,YES
STD_SABR,STD_PX_2008,,,PAYMENT,1,8,14,,,0,0,,0,0,0,0,195342614,SPDE,28JUL17:10:25:48,28JUL17:10:25:48,0,NONE,DATA,0,---,---,BINARY,NO,,,,,NO,NO,NO,YES,0,,,YES
STD_SABR,STD_PX_2008,,,PPX,2,2,13,,,0,0,,0,0,0,92,195342614,SPDE,28JUL17:10:25:48,28JUL17:10:25:48,0,NONE,DATA,0,---,---,BINARY,NO,,,,,NO,NO,NO,YES,0,,,YES
STD_SABR,STD_PX_2008,,,PX,2,11,10,,,0,0,,0,0,0,76,195342614,SPDE,28JUL17:10:25:48,28JUL17:10:25:48,0,NONE,DATA,0,---,---,BINARY,NO,,,,,NO,NO,NO,YES,0,,,YES
STD_SABR,STD_PX_2008,,,PX_AMT,1,3,12,,,0,0,,0,0,0,89,195342614,SPDE,28JUL17:10:25:48,28JUL17:10:25:48,0,NONE,DATA,0,---,---,BINARY,NO,,,,,NO,NO,NO,YES,0,,,YES
STD_SABR,STD_PX_2008,,,PX_DATE,1,4,9,,MMDDYY,10,0,,0,0,0,24,195342614,SPDE,28JUL17:10:25:48,28JUL17:10:25:48,0,NONE,DATA,0,---,---,BINARY,NO,,,,,NO,NO,NO,YES,0,,,YES
STD_SABR,STD_PX_2008,,,PX_TYPE,2,2,11,,,0,0,,0,0,0,87,195342614,SPDE,28JUL17:10:25:48,28JUL17:10:25:48,0,NONE,DATA,0,---,---,BINARY,NO,,,,,NO,NO,NO,YES,0,,,YES
STD_SABR,STD_PX_2008,,,SOURCE,2,5,15,,,0,0,,0,0,0,94,195342614,SPDE,28JUL17:10:25:48,28JUL17:10:25:48,0,NONE,DATA,0,---,---,BINARY,NO,,,,,NO,NO,NO,YES,0,,,YES
STD_SABR,STD_PX_2009,,,ADMIT_DATE,1,4,5,,MMDDYY,10,0,,0,0,0,8,201608393,SPDE,28JUL17:10:36:31,28JUL17:10:36:31,0,NONE,DATA,0,---,---,BINARY,NO,,,,,NO,NO,NO,YES,0,,,YES
STD_SABR,STD_PX_2009,,,BEGIN_DATE,1,4,7,,MMDDYY,10,0,,0,0,0,16,201608393,SPDE,28JUL17:10:36:31,28JUL17:10:36:31,0,NONE,DATA,0,---,---,BINARY,NO,,,,,NO,NO,NO,YES,0,,,YES
STD_SABR,STD_PX_2009,,,DISCHARGE_DATE,1,4,6,,MMDDYY,10,0,,0,0,0,12,201608393,SPDE,28JUL17:10:36:31,28JUL17:10:36:31,0,NONE,DATA,0,---,---,BINARY,NO,,,,,NO,NO,NO,YES,0,,,YES
STD_SABR,STD_PX_2009,,,ENCOUNTERID,2,15,2,,,0,0,,0,0,0,48,201608393,SPDE,28JUL17:10:36:31,28JUL17:10:36:31,0,NONE,DATA,0,---,---,BINARY,NO,,,,,NO,NO,NO,YES,0,,,YES
STD_SABR,STD_PX_2009,,,END_DATE,1,4,8,,MMDDYY,10,0,,0,0,0,20,201608393,SPDE,28JUL17:10:36:31,28JUL17:10:36:31,0,NONE,DATA,0,---,---,BINARY,NO,,,,,NO,NO,NO,YES,0,,,YES
STD_SABR,STD_PX_2009,,,FACILITYID,2,10,3,,,0,0,,0,0,0,63,201608393,SPDE,28JUL17:10:36:31,28JUL17:10:36:31,0,NONE,DATA,0,---,---,BINARY,NO,,,,,NO,NO,NO,YES,0,,,YES
STD_SABR,STD_PX_2009,,,FACILITY_TYPE,2,3,4,,$FACILITY_TYPE,0,0,,0,0,0,73,201608393,SPDE,28JUL17:10:36:31,28JUL17:10:36:31,0,NONE,DATA,0,---,---,BINARY,NO,,,,,NO,NO,NO,YES,0,,,YES
STD_SABR,STD_PX_2009,,,PATID,2,20,1,,,0,0,,0,0,0,28,201608393,SPDE,28JUL17:10:36:31,28JUL17:10:36:31,0,NONE,DATA,0,---,---,BINARY,NO,,,,,NO,NO,NO,YES,0,,,YES
STD_SABR,STD_PX_2009,,,PAYMENT,1,8,14,,,0,0,,0,0,0,0,201608393,SPDE,28JUL17:10:36:31,28JUL17:10:36:31,0,NONE,DATA,0,---,---,BINARY,NO,,,,,NO,NO,NO,YES,0,,,YES
STD_SABR,STD_PX_2009,,,PPX,2,2,13,,,0,0,,0,0,0,92,201608393,SPDE,28JUL17:10:36:31,28JUL17:10:36:31,0,NONE,DATA,0,---,---,BINARY,NO,,,,,NO,NO,NO,YES,0,,,YES
STD_SABR,STD_PX_2009,,,PX,2,11,10,,,0,0,,0,0,0,76,201608393,SPDE,28JUL17:10:36:31,28JUL17:10:36:31,0,NONE,DATA,0,---,---,BINARY,NO,,,,,NO,NO,NO,YES,0,,,YES
STD_SABR,STD_PX_2009,,,PX_AMT,1,3,12,,,0,0,,0,0,0,89,201608393,SPDE,28JUL17:10:36:31,28JUL17:10:36:31,0,NONE,DATA,0,---,---,BINARY,NO,,,,,NO,NO,NO,YES,0,,,YES
STD_SABR,STD_PX_2009,,,PX_DATE,1,4,9,,MMDDYY,10,0,,0,0,0,24,201608393,SPDE,28JUL17:10:36:31,28JUL17:10:36:31,0,NONE,DATA,0,---,---,BINARY,NO,,,,,NO,NO,NO,YES,0,,,YES
STD_SABR,STD_PX_2009,,,PX_TYPE,2,2,11,,,0,0,,0,0,0,87,201608393,SPDE,28JUL17:10:36:31,28JUL17:10:36:31,0,NONE,DATA,0,---,---,BINARY,NO,,,,,NO,NO,NO,YES,0,,,YES
STD_SABR,STD_PX_2009,,,SOURCE,2,5,15,,,0,0,,0,0,0,94,201608393,SPDE,28JUL17:10:36:31,28JUL17:10:36:31,0,NONE,DATA,0,---,---,BINARY,NO,,,,,NO,NO,NO,YES,0,,,YES
STD_SABR,STD_PX_2010,,,ADMIT_DATE,1,4,5,,MMDDYY,10,0,,0,0,0,8,224496201,SPDE,28JUL17:10:48:12,28JUL17:10:48:12,0,NONE,DATA,0,---,---,BINARY,NO,,,,,NO,NO,NO,YES,0,,,YES
STD_SABR,STD_PX_2010,,,BEGIN_DATE,1,4,7,,MMDDYY,10,0,,0,0,0,16,224496201,SPDE,28JUL17:10:48:12,28JUL17:10:48:12,0,NONE,DATA,0,---,---,BINARY,NO,,,,,NO,NO,NO,YES,0,,,YES
STD_SABR,STD_PX_2010,,,DISCHARGE_DATE,1,4,6,,MMDDYY,10,0,,0,0,0,12,224496201,SPDE,28JUL17:10:48:12,28JUL17:10:48:12,0,NONE,DATA,0,---,---,BINARY,NO,,,,,NO,NO,NO,YES,0,,,YES
STD_SABR,STD_PX_2010,,,ENCOUNTERID,2,15,2,,,0,0,,0,0,0,48,224496201,SPDE,28JUL17:10:48:12,28JUL17:10:48:12,0,NONE,DATA,0,---,---,BINARY,NO,,,,,NO,NO,NO,YES,0,,,YES
STD_SABR,STD_PX_2010,,,END_DATE,1,4,8,,MMDDYY,10,0,,0,0,0,20,224496201,SPDE,28JUL17:10:48:12,28JUL17:10:48:12,0,NONE,DATA,0,---,---,BINARY,NO,,,,,NO,NO,NO,YES,0,,,YES
STD_SABR,STD_PX_2010,,,FACILITYID,2,10,3,,,0,0,,0,0,0,63,224496201,SPDE,28JUL17:10:48:12,28JUL17:10:48:12,0,NONE,DATA,0,---,---,BINARY,NO,,,,,NO,NO,NO,YES,0,,,YES
STD_SABR,STD_PX_2010,,,FACILITY_TYPE,2,3,4,,$FACILITY_TYPE,0,0,,0,0,0,73,224496201,SPDE,28JUL17:10:48:12,28JUL17:10:48:12,0,NONE,DATA,0,---,---,BINARY,NO,,,,,NO,NO,NO,YES,0,,,YES
STD_SABR,STD_PX_2010,,,PATID,2,20,1,,,0,0,,0,0,0,28,224496201,SPDE,28JUL17:10:48:12,28JUL17:10:48:12,0,NONE,DATA,0,---,---,BINARY,NO,,,,,NO,NO,NO,YES,0,,,YES
STD_SABR,STD_PX_2010,,,PAYMENT,1,8,14,,,0,0,,0,0,0,0,224496201,SPDE,28JUL17:10:48:12,28JUL17:10:48:12,0,NONE,DATA,0,---,---,BINARY,NO,,,,,NO,NO,NO,YES,0,,,YES
STD_SABR,STD_PX_2010,,,PPX,2,2,13,,,0,0,,0,0,0,92,224496201,SPDE,28JUL17:10:48:12,28JUL17:10:48:12,0,NONE,DATA,0,---,---,BINARY,NO,,,,,NO,NO,NO,YES,0,,,YES
STD_SABR,STD_PX_2010,,,PX,2,11,10,,,0,0,,0,0,0,76,224496201,SPDE,28JUL17:10:48:12,28JUL17:10:48:12,0,NONE,DATA,0,---,---,BINARY,NO,,,,,NO,NO,NO,YES,0,,,YES
STD_SABR,STD_PX_2010,,,PX_AMT,1,3,12,,,0,0,,0,0,0,89,224496201,SPDE,28JUL17:10:48:12,28JUL17:10:48:12,0,NONE,DATA,0,---,---,BINARY,NO,,,,,NO,NO,NO,YES,0,,,YES
STD_SABR,STD_PX_2010,,,PX_DATE,1,4,9,,MMDDYY,10,0,,0,0,0,24,224496201,SPDE,28JUL17:10:48:12,28JUL17:10:48:12,0,NONE,DATA,0,---,---,BINARY,NO,,,,,NO,NO,NO,YES,0,,,YES
STD_SABR,STD_PX_2010,,,PX_TYPE,2,2,11,,,0,0,,0,0,0,87,224496201,SPDE,28JUL17:10:48:12,28JUL17:10:48:12,0,NONE,DATA,0,---,---,BINARY,NO,,,,,NO,NO,NO,YES,0,,,YES
STD_SABR,STD_PX_2010,,,SOURCE,2,5,15,,,0,0,,0,0,0,94,224496201,SPDE,28JUL17:10:48:12,28JUL17:10:48:12,0,NONE,DATA,0,---,---,BINARY,NO,,,,,NO,NO,NO,YES,0,,,YES
STD_SABR,STD_PX_2011,,,ADMIT_DATE,1,4,5,,MMDDYY,10,0,,0,0,0,8,246477259,SPDE,28JUL17:11:02:24,28JUL17:11:02:24,0,NONE,DATA,0,---,---,BINARY,NO,,,,,NO,NO,NO,YES,0,,,YES
STD_SABR,STD_PX_2011,,,BEGIN_DATE,1,4,7,,MMDDYY,10,0,,0,0,0,16,246477259,SPDE,28JUL17:11:02:24,28JUL17:11:02:24,0,NONE,DATA,0,---,---,BINARY,NO,,,,,NO,NO,NO,YES,0,,,YES
STD_SABR,STD_PX_2011,,,DISCHARGE_DATE,1,4,6,,MMDDYY,10,0,,0,0,0,12,246477259,SPDE,28JUL17:11:02:24,28JUL17:11:02:24,0,NONE,DATA,0,---,---,BINARY,NO,,,,,NO,NO,NO,YES,0,,,YES
STD_SABR,STD_PX_2011,,,ENCOUNTERID,2,15,2,,,0,0,,0,0,0,48,246477259,SPDE,28JUL17:11:02:24,28JUL17:11:02:24,0,NONE,DATA,0,---,---,BINARY,NO,,,,,NO,NO,NO,YES,0,,,YES
STD_SABR,STD_PX_2011,,,END_DATE,1,4,8,,MMDDYY,10,0,,0,0,0,20,246477259,SPDE,28JUL17:11:02:24,28JUL17:11:02:24,0,NONE,DATA,0,---,---,BINARY,NO,,,,,NO,NO,NO,YES,0,,,YES
STD_SABR,STD_PX_2011,,,FACILITYID,2,10,3,,,0,0,,0,0,0,63,246477259,SPDE,28JUL17:11:02:24,28JUL17:11:02:24,0,NONE,DATA,0,---,---,BINARY,NO,,,,,NO,NO,NO,YES,0,,,YES
STD_SABR,STD_PX_2011,,,FACILITY_TYPE,2,3,4,,$FACILITY_TYPE,0,0,,0,0,0,73,246477259,SPDE,28JUL17:11:02:24,28JUL17:11:02:24,0,NONE,DATA,0,---,---,BINARY,NO,,,,,NO,NO,NO,YES,0,,,YES
STD_SABR,STD_PX_2011,,,PATID,2,20,1,,,0,0,,0,0,0,28,246477259,SPDE,28JUL17:11:02:24,28JUL17:11:02:24,0,NONE,DATA,0,---,---,BINARY,NO,,,,,NO,NO,NO,YES,0,,,YES
STD_SABR,STD_PX_2011,,,PAYMENT,1,8,14,,,0,0,,0,0,0,0,246477259,SPDE,28JUL17:11:02:24,28JUL17:11:02:24,0,NONE,DATA,0,---,---,BINARY,NO,,,,,NO,NO,NO,YES,0,,,YES
STD_SABR,STD_PX_2011,,,PPX,2,2,13,,,0,0,,0,0,0,92,246477259,SPDE,28JUL17:11:02:24,28JUL17:11:02:24,0,NONE,DATA,0,---,---,BINARY,NO,,,,,NO,NO,NO,YES,0,,,YES
STD_SABR,STD_PX_2011,,,PX,2,11,10,,,0,0,,0,0,0,76,246477259,SPDE,28JUL17:11:02:24,28JUL17:11:02:24,0,NONE,DATA,0,---,---,BINARY,NO,,,,,NO,NO,NO,YES,0,,,YES
STD_SABR,STD_PX_2011,,,PX_AMT,1,3,12,,,0,0,,0,0,0,89,246477259,SPDE,28JUL17:11:02:24,28JUL17:11:02:24,0,NONE,DATA,0,---,---,BINARY,NO,,,,,NO,NO,NO,YES,0,,,YES
STD_SABR,STD_PX_2011,,,PX_DATE,1,4,9,,MMDDYY,10,0,,0,0,0,24,246477259,SPDE,28JUL17:11:02:24,28JUL17:11:02:24,0,NONE,DATA,0,---,---,BINARY,NO,,,,,NO,NO,NO,YES,0,,,YES
STD_SABR,STD_PX_2011,,,PX_TYPE,2,2,11,,,0,0,,0,0,0,87,246477259,SPDE,28JUL17:11:02:24,28JUL17:11:02:24,0,NONE,DATA,0,---,---,BINARY,NO,,,,,NO,NO,NO,YES,0,,,YES
STD_SABR,STD_PX_2011,,,SOURCE,2,5,15,,,0,0,,0,0,0,94,246477259,SPDE,28JUL17:11:02:24,28JUL17:11:02:24,0,NONE,DATA,0,---,---,BINARY,NO,,,,,NO,NO,NO,YES,0,,,YES
STD_SABR,STD_PX_2012,,,ADMIT_DATE,1,4,5,,MMDDYY,10,0,,0,0,0,8,310647729,SPDE,28JUL17:11:16:48,28JUL17:11:16:48,0,NONE,DATA,0,---,---,BINARY,NO,,,,,NO,NO,NO,YES,0,,,YES
STD_SABR,STD_PX_2012,,,BEGIN_DATE,1,4,7,,MMDDYY,10,0,,0,0,0,16,310647729,SPDE,28JUL17:11:16:48,28JUL17:11:16:48,0,NONE,DATA,0,---,---,BINARY,NO,,,,,NO,NO,NO,YES,0,,,YES
STD_SABR,STD_PX_2012,,,DISCHARGE_DATE,1,4,6,,MMDDYY,10,0,,0,0,0,12,310647729,SPDE,28JUL17:11:16:48,28JUL17:11:16:48,0,NONE,DATA,0,---,---,BINARY,NO,,,,,NO,NO,NO,YES,0,,,YES
STD_SABR,STD_PX_2012,,,ENCOUNTERID,2,15,2,,,0,0,,0,0,0,48,310647729,SPDE,28JUL17:11:16:48,28JUL17:11:16:48,0,NONE,DATA,0,---,---,BINARY,NO,,,,,NO,NO,NO,YES,0,,,YES
STD_SABR,STD_PX_2012,,,END_DATE,1,4,8,,MMDDYY,10,0,,0,0,0,20,310647729,SPDE,28JUL17:11:16:48,28JUL17:11:16:48,0,NONE,DATA,0,---,---,BINARY,NO,,,,,NO,NO,NO,YES,0,,,YES
STD_SABR,STD_PX_2012,,,FACILITYID,2,10,3,,,0,0,,0,0,0,63,310647729,SPDE,28JUL17:11:16:48,28JUL17:11:16:48,0,NONE,DATA,0,---,---,BINARY,NO,,,,,NO,NO,NO,YES,0,,,YES
STD_SABR,STD_PX_2012,,,FACILITY_TYPE,2,3,4,,$FACILITY_TYPE,0,0,,0,0,0,73,310647729,SPDE,28JUL17:11:16:48,28JUL17:11:16:48,0,NONE,DATA,0,---,---,BINARY,NO,,,,,NO,NO,NO,YES,0,,,YES
STD_SABR,STD_PX_2012,,,PATID,2,20,1,,,0,0,,0,0,0,28,310647729,SPDE,28JUL17:11:16:48,28JUL17:11:16:48,0,NONE,DATA,0,---,---,BINARY,NO,,,,,NO,NO,NO,YES,0,,,YES
STD_SABR,STD_PX_2012,,,PAYMENT,1,8,14,,,0,0,,0,0,0,0,310647729,SPDE,28JUL17:11:16:48,28JUL17:11:16:48,0,NONE,DATA,0,---,---,BINARY,NO,,,,,NO,NO,NO,YES,0,,,YES
STD_SABR,STD_PX_2012,,,PPX,2,2,13,,,0,0,,0,0,0,92,310647729,SPDE,28JUL17:11:16:48,28JUL17:11:16:48,0,NONE,DATA,0,---,---,BINARY,NO,,,,,NO,NO,NO,YES,0,,,YES
STD_SABR,STD_PX_2012,,,PX,2,11,10,,,0,0,,0,0,0,76,310647729,SPDE,28JUL17:11:16:48,28JUL17:11:16:48,0,NONE,DATA,0,---,---,BINARY,NO,,,,,NO,NO,NO,YES,0,,,YES
STD_SABR,STD_PX_2012,,,PX_AMT,1,3,12,,,0,0,,0,0,0,89,310647729,SPDE,28JUL17:11:16:48,28JUL17:11:16:48,0,NONE,DATA,0,---,---,BINARY,NO,,,,,NO,NO,NO,YES,0,,,YES
STD_SABR,STD_PX_2012,,,PX_DATE,1,4,9,,MMDDYY,10,0,,0,0,0,24,310647729,SPDE,28JUL17:11:16:48,28JUL17:11:16:48,0,NONE,DATA,0,---,---,BINARY,NO,,,,,NO,NO,NO,YES,0,,,YES
STD_SABR,STD_PX_2012,,,PX_TYPE,2,2,11,,,0,0,,0,0,0,87,310647729,SPDE,28JUL17:11:16:48,28JUL17:11:16:48,0,NONE,DATA,0,---,---,BINARY,NO,,,,,NO,NO,NO,YES,0,,,YES
STD_SABR,STD_PX_2012,,,SOURCE,2,5,15,,,0,0,,0,0,0,94,310647729,SPDE,28JUL17:11:16:48,28JUL17:11:16:48,0,NONE,DATA,0,---,---,BINARY,NO,,,,,NO,NO,NO,YES,0,,,YES
STD_SABR,STD_PX_2013,,,ADMIT_DATE,1,4,5,,MMDDYY,10,0,,0,0,0,8,447988736,SPDE,28JUL17:11:40:35,28JUL17:11:40:35,0,NONE,DATA,0,---,---,BINARY,NO,,,,,NO,NO,NO,YES,0,,,YES
STD_SABR,STD_PX_2013,,,BEGIN_DATE,1,4,7,,MMDDYY,10,0,,0,0,0,16,447988736,SPDE,28JUL17:11:40:35,28JUL17:11:40:35,0,NONE,DATA,0,---,---,BINARY,NO,,,,,NO,NO,NO,YES,0,,,YES
STD_SABR,STD_PX_2013,,,DISCHARGE_DATE,1,4,6,,MMDDYY,10,0,,0,0,0,12,447988736,SPDE,28JUL17:11:40:35,28JUL17:11:40:35,0,NONE,DATA,0,---,---,BINARY,NO,,,,,NO,NO,NO,YES,0,,,YES
STD_SABR,STD_PX_2013,,,ENCOUNTERID,2,15,2,,,0,0,,0,0,0,48,447988736,SPDE,28JUL17:11:40:35,28JUL17:11:40:35,0,NONE,DATA,0,---,---,BINARY,NO,,,,,NO,NO,NO,YES,0,,,YES
STD_SABR,STD_PX_2013,,,END_DATE,1,4,8,,MMDDYY,10,0,,0,0,0,20,447988736,SPDE,28JUL17:11:40:35,28JUL17:11:40:35,0,NONE,DATA,0,---,---,BINARY,NO,,,,,NO,NO,NO,YES,0,,,YES
STD_SABR,STD_PX_2013,,,FACILITYID,2,10,3,,,0,0,,0,0,0,63,447988736,SPDE,28JUL17:11:40:35,28JUL17:11:40:35,0,NONE,DATA,0,---,---,BINARY,NO,,,,,NO,NO,NO,YES,0,,,YES
STD_SABR,STD_PX_2013,,,FACILITY_TYPE,2,3,4,,$FACILITY_TYPE,0,0,,0,0,0,73,447988736,SPDE,28JUL17:11:40:35,28JUL17:11:40:35,0,NONE,DATA,0,---,---,BINARY,NO,,,,,NO,NO,NO,YES,0,,,YES
STD_SABR,STD_PX_2013,,,PATID,2,20,1,,,0,0,,0,0,0,28,447988736,SPDE,28JUL17:11:40:35,28JUL17:11:40:35,0,NONE,DATA,0,---,---,BINARY,NO,,,,,NO,NO,NO,YES,0,,,YES
STD_SABR,STD_PX_2013,,,PAYMENT,1,8,14,,,0,0,,0,0,0,0,447988736,SPDE,28JUL17:11:40:35,28JUL17:11:40:35,0,NONE,DATA,0,---,---,BINARY,NO,,,,,NO,NO,NO,YES,0,,,YES
STD_SABR,STD_PX_2013,,,PPX,2,2,13,,,0,0,,0,0,0,92,447988736,SPDE,28JUL17:11:40:35,28JUL17:11:40:35,0,NONE,DATA,0,---,---,BINARY,NO,,,,,NO,NO,NO,YES,0,,,YES
STD_SABR,STD_PX_2013,,,PX,2,11,10,,,0,0,,0,0,0,76,447988736,SPDE,28JUL17:11:40:35,28JUL17:11:40:35,0,NONE,DATA,0,---,---,BINARY,NO,,,,,NO,NO,NO,YES,0,,,YES
STD_SABR,STD_PX_2013,,,PX_AMT,1,3,12,,,0,0,,0,0,0,89,447988736,SPDE,28JUL17:11:40:35,28JUL17:11:40:35,0,NONE,DATA,0,---,---,BINARY,NO,,,,,NO,NO,NO,YES,0,,,YES
STD_SABR,STD_PX_2013,,,PX_DATE,1,4,9,,MMDDYY,10,0,,0,0,0,24,447988736,SPDE,28JUL17:11:40:35,28JUL17:11:40:35,0,NONE,DATA,0,---,---,BINARY,NO,,,,,NO,NO,NO,YES,0,,,YES
STD_SABR,STD_PX_2013,,,PX_TYPE,2,2,11,,,0,0,,0,0,0,87,447988736,SPDE,28JUL17:11:40:35,28JUL17:11:40:35,0,NONE,DATA,0,---,---,BINARY,NO,,,,,NO,NO,NO,YES,0,,,YES
STD_SABR,STD_PX_2013,,,SOURCE,2,5,15,,,0,0,,0,0,0,94,447988736,SPDE,28JUL17:11:40:35,28JUL17:11:40:35,0,NONE,DATA,0,---,---,BINARY,NO,,,,,NO,NO,NO,YES,0,,,YES
STD_SABR,STD_PX_2014,,,ADMIT_DATE,1,4,5,,MMDDYY,10,0,,0,0,0,8,535737236,SPDE,28JUL17:12:14:18,28JUL17:12:14:18,0,NONE,DATA,0,---,---,BINARY,NO,,,,,NO,NO,NO,YES,0,,,YES
STD_SABR,STD_PX_2014,,,BEGIN_DATE,1,4,7,,MMDDYY,10,0,,0,0,0,16,535737236,SPDE,28JUL17:12:14:18,28JUL17:12:14:18,0,NONE,DATA,0,---,---,BINARY,NO,,,,,NO,NO,NO,YES,0,,,YES
STD_SABR,STD_PX_2014,,,DISCHARGE_DATE,1,4,6,,MMDDYY,10,0,,0,0,0,12,535737236,SPDE,28JUL17:12:14:18,28JUL17:12:14:18,0,NONE,DATA,0,---,---,BINARY,NO,,,,,NO,NO,NO,YES,0,,,YES
STD_SABR,STD_PX_2014,,,ENCOUNTERID,2,15,2,,,0,0,,0,0,0,48,535737236,SPDE,28JUL17:12:14:18,28JUL17:12:14:18,0,NONE,DATA,0,---,---,BINARY,NO,,,,,NO,NO,NO,YES,0,,,YES
STD_SABR,STD_PX_2014,,,END_DATE,1,4,8,,MMDDYY,10,0,,0,0,0,20,535737236,SPDE,28JUL17:12:14:18,28JUL17:12:14:18,0,NONE,DATA,0,---,---,BINARY,NO,,,,,NO,NO,NO,YES,0,,,YES
STD_SABR,STD_PX_2014,,,FACILITYID,2,10,3,,,0,0,,0,0,0,63,535737236,SPDE,28JUL17:12:14:18,28JUL17:12:14:18,0,NONE,DATA,0,---,---,BINARY,NO,,,,,NO,NO,NO,YES,0,,,YES
STD_SABR,STD_PX_2014,,,FACILITY_TYPE,2,3,4,,$FACILITY_TYPE,0,0,,0,0,0,73,535737236,SPDE,28JUL17:12:14:18,28JUL17:12:14:18,0,NONE,DATA,0,---,---,BINARY,NO,,,,,NO,NO,NO,YES,0,,,YES
STD_SABR,STD_PX_2014,,,PATID,2,20,1,,,0,0,,0,0,0,28,535737236,SPDE,28JUL17:12:14:18,28JUL17:12:14:18,0,NONE,DATA,0,---,---,BINARY,NO,,,,,NO,NO,NO,YES,0,,,YES
STD_SABR,STD_PX_2014,,,PAYMENT,1,8,14,,,0,0,,0,0,0,0,535737236,SPDE,28JUL17:12:14:18,28JUL17:12:14:18,0,NONE,DATA,0,---,---,BINARY,NO,,,,,NO,NO,NO,YES,0,,,YES
STD_SABR,STD_PX_2014,,,PPX,2,2,13,,,0,0,,0,0,0,92,535737236,SPDE,28JUL17:12:14:18,28JUL17:12:14:18,0,NONE,DATA,0,---,---,BINARY,NO,,,,,NO,NO,NO,YES,0,,,YES
STD_SABR,STD_PX_2014,,,PX,2,11,10,,,0,0,,0,0,0,76,535737236,SPDE,28JUL17:12:14:18,28JUL17:12:14:18,0,NONE,DATA,0,---,---,BINARY,NO,,,,,NO,NO,NO,YES,0,,,YES
STD_SABR,STD_PX_2014,,,PX_AMT,1,3,12,,,0,0,,0,0,0,89,535737236,SPDE,28JUL17:12:14:18,28JUL17:12:14:18,0,NONE,DATA,0,---,---,BINARY,NO,,,,,NO,NO,NO,YES,0,,,YES
STD_SABR,STD_PX_2014,,,PX_DATE,1,4,9,,MMDDYY,10,0,,0,0,0,24,535737236,SPDE,28JUL17:12:14:18,28JUL17:12:14:18,0,NONE,DATA,0,---,---,BINARY,NO,,,,,NO,NO,NO,YES,0,,,YES
STD_SABR,STD_PX_2014,,,PX_TYPE,2,2,11,,,0,0,,0,0,0,87,535737236,SPDE,28JUL17:12:14:18,28JUL17:12:14:18,0,NONE,DATA,0,---,---,BINARY,NO,,,,,NO,NO,NO,YES,0,,,YES
STD_SABR,STD_PX_2014,,,SOURCE,2,5,15,,,0,0,,0,0,0,94,535737236,SPDE,28JUL17:12:14:18,28JUL17:12:14:18,0,NONE,DATA,0,---,---,BINARY,NO,,,,,NO,NO,NO,YES,0,,,YES
STD_SABR,STD_RESIDENT,,,ENROLL_TYPE_CURR,2,1,4,,$,1,0,,0,0,0,23,21317974,SPDE,26JAN17:12:15:41,26JAN17:12:15:41,0,NONE,DATA,0,---,---,BINARY,NO,,,,,NO,NO,NO,YES,0,,,YES
STD_SABR,STD_RESIDENT,,,ENROLL_TYPE_ORIG,2,1,3,,$,1,0,,0,0,0,22,21317974,SPDE,26JAN17:12:15:41,26JAN17:12:15:41,0,NONE,DATA,0,---,---,BINARY,NO,,,,,NO,NO,NO,YES,0,,,YES
STD_SABR,STD_RESIDENT,,,PATID,2,20,1,,,0,0,,0,0,0,0,21317974,SPDE,26JAN17:12:15:41,26JAN17:12:15:41,0,NONE,DATA,0,---,---,BINARY,NO,,,,,NO,NO,NO,YES,0,,,YES
STD_SABR,STD_RESIDENT,,,STATE_CODE,2,2,2,,$,2,0,,0,0,0,20,21317974,SPDE,26JAN17:12:15:41,26JAN17:12:15:41,0,NONE,DATA,0,---,---,BINARY,NO,,,,,NO,NO,NO,YES,0,,,YES
STD_SABR,STD_RESIDENT,,,ZIP_CD,2,9,6,,,0,0,,0,0,0,27,21317974,SPDE,26JAN17:12:15:41,26JAN17:12:15:41,0,NONE,DATA,0,---,---,BINARY,NO,,,,,NO,NO,NO,YES,0,,,YES
STD_SABR,STD_RESIDENT,,,year,1,3,5,,,4,0,,0,0,0,24,21317974,SPDE,26JAN17:12:15:41,26JAN17:12:15:41,0,NONE,DATA,0,---,---,BINARY,NO,,,,,NO,NO,NO,YES,0,,,YES
STD_SABR,STD_RX_2006,,,DISPENSE_AMT,1,8,7,"Number of Units (pills, tablets, vials) Dispensed",,0,0,,0,0,0,8,39942372,SPDE,24FEB17:11:40:11,15MAY17:11:05:03,0,NONE,DATA,2,---,---,BINARY,NO,,,,,NO,NO,NO,YES,0,,,YES
STD_SABR,STD_RX_2006,,,DISPENSE_DATE,1,4,4,Dispensing Date,MMDDYY,10,0,,0,0,0,16,39942372,SPDE,24FEB17:11:40:11,15MAY17:11:05:03,0,NONE,DATA,2,---,---,BINARY,NO,,,,,NO,NO,NO,YES,0,,,YES
STD_SABR,STD_RX_2006,,,DISPENSE_SUP,1,8,6,Days Supply,,0,0,,0,0,0,0,39942372,SPDE,24FEB17:11:40:11,15MAY17:11:05:03,0,NONE,DATA,2,---,---,BINARY,NO,,,,,NO,NO,NO,YES,0,,,YES
STD_SABR,STD_RX_2006,,,ENCOUNTERID,2,15,2,,,0,0,,0,0,0,40,39942372,SPDE,24FEB17:11:40:11,15MAY17:11:05:03,0,SIMPLE,DATA,2,---,---,BINARY,NO,,,,,NO,NO,NO,YES,0,,,YES
STD_SABR,STD_RX_2006,,,GNN,2,50,8,Generic Name,$,30,0,,0,0,0,71,39942372,SPDE,24FEB17:11:40:11,15MAY17:11:05:03,0,NONE,DATA,2,---,---,BINARY,NO,,,,,NO,NO,NO,YES,0,,,YES
STD_SABR,STD_RX_2006,,,NDC,2,11,5,National Drug Code,,0,0,,0,0,0,60,39942372,SPDE,24FEB17:11:40:11,15MAY17:11:05:03,0,NONE,DATA,2,---,---,BINARY,NO,,,,,NO,NO,NO,YES,0,,,YES
STD_SABR,STD_RX_2006,,,PATID,2,20,1,Unique Patient Identification Number,,0,0,,0,0,0,20,39942372,SPDE,24FEB17:11:40:11,15MAY17:11:05:03,0,SIMPLE,DATA,2,---,---,BINARY,NO,,,,,NO,NO,NO,YES,0,,,YES
STD_SABR,STD_RX_2006,,,PRESCRBER_ID,2,20,10,Prescriber ID,,0,0,,0,0,0,151,39942372,SPDE,24FEB17:11:40:11,15MAY17:11:05:03,0,NONE,DATA,2,---,---,BINARY,NO,,,,,NO,NO,NO,YES,0,,,YES
STD_SABR,STD_RX_2006,,,PRESCRBER_ID_TYPE,2,4,11,Prescriber ID Type,,0,0,,0,0,0,171,39942372,SPDE,24FEB17:11:40:11,15MAY17:11:05:03,0,NONE,DATA,2,---,---,BINARY,NO,,,,,NO,NO,NO,YES,0,,,YES
STD_SABR,STD_RX_2006,,,Phamacy_ID,2,15,12,,,0,0,,0,0,0,175,39942372,SPDE,24FEB17:11:40:11,15MAY17:11:05:03,0,NONE,DATA,2,---,---,BINARY,NO,,,,,NO,NO,NO,YES,0,,,YES
STD_SABR,STD_RX_2006,,,SOURCE,2,5,3,Data Source,,0,0,,0,0,0,55,39942372,SPDE,24FEB17:11:40:11,15MAY17:11:05:03,0,NONE,DATA,2,---,---,BINARY,NO,,,,,NO,NO,NO,YES,0,,,YES
STD_SABR,STD_RX_2006,,,STRENGTH,2,30,9,,,0,0,,0,0,0,121,39942372,SPDE,24FEB17:11:40:11,15MAY17:11:05:03,0,NONE,DATA,2,---,---,BINARY,NO,,,,,NO,NO,NO,YES,0,,,YES
STD_SABR,STD_RX_2007,,,DISPENSE_AMT,1,8,7,"Number of Units (pills, tablets, vials) Dispensed",,0,0,,0,0,0,8,49750603,SPDE,24FEB17:11:42:53,15MAY17:11:05:04,0,NONE,DATA,2,---,---,BINARY,NO,,,,,NO,NO,NO,YES,0,,,YES
STD_SABR,STD_RX_2007,,,DISPENSE_DATE,1,4,4,Dispensing Date,MMDDYY,10,0,,0,0,0,16,49750603,SPDE,24FEB17:11:42:53,15MAY17:11:05:04,0,NONE,DATA,2,---,---,BINARY,NO,,,,,NO,NO,NO,YES,0,,,YES
STD_SABR,STD_RX_2007,,,DISPENSE_SUP,1,8,6,Days Supply,,0,0,,0,0,0,0,49750603,SPDE,24FEB17:11:42:53,15MAY17:11:05:04,0,NONE,DATA,2,---,---,BINARY,NO,,,,,NO,NO,NO,YES,0,,,YES
STD_SABR,STD_RX_2007,,,ENCOUNTERID,2,15,2,,,0,0,,0,0,0,40,49750603,SPDE,24FEB17:11:42:53,15MAY17:11:05:04,0,SIMPLE,DATA,2,---,---,BINARY,NO,,,,,NO,NO,NO,YES,0,,,YES
STD_SABR,STD_RX_2007,,,GNN,2,50,8,Generic Name,$,30,0,,0,0,0,71,49750603,SPDE,24FEB17:11:42:53,15MAY17:11:05:04,0,NONE,DATA,2,---,---,BINARY,NO,,,,,NO,NO,NO,YES,0,,,YES
STD_SABR,STD_RX_2007,,,NDC,2,11,5,National Drug Code,,0,0,,0,0,0,60,49750603,SPDE,24FEB17:11:42:53,15MAY17:11:05:04,0,NONE,DATA,2,---,---,BINARY,NO,,,,,NO,NO,NO,YES,0,,,YES
STD_SABR,STD_RX_2007,,,PATID,2,20,1,Unique Patient Identification Number,,0,0,,0,0,0,20,49750603,SPDE,24FEB17:11:42:53,15MAY17:11:05:04,0,SIMPLE,DATA,2,---,---,BINARY,NO,,,,,NO,NO,NO,YES,0,,,YES
STD_SABR,STD_RX_2007,,,PRESCRBER_ID,2,20,10,Prescriber ID,,0,0,,0,0,0,151,49750603,SPDE,24FEB17:11:42:53,15MAY17:11:05:04,0,NONE,DATA,2,---,---,BINARY,NO,,,,,NO,NO,NO,YES,0,,,YES
STD_SABR,STD_RX_2007,,,PRESCRBER_ID_TYPE,2,4,11,Prescriber ID Type,,0,0,,0,0,0,171,49750603,SPDE,24FEB17:11:42:53,15MAY17:11:05:04,0,NONE,DATA,2,---,---,BINARY,NO,,,,,NO,NO,NO,YES,0,,,YES
STD_SABR,STD_RX_2007,,,Phamacy_ID,2,15,12,,,0,0,,0,0,0,175,49750603,SPDE,24FEB17:11:42:53,15MAY17:11:05:04,0,NONE,DATA,2,---,---,BINARY,NO,,,,,NO,NO,NO,YES,0,,,YES
STD_SABR,STD_RX_2007,,,SOURCE,2,5,3,Data Source,,0,0,,0,0,0,55,49750603,SPDE,24FEB17:11:42:53,15MAY17:11:05:04,0,NONE,DATA,2,---,---,BINARY,NO,,,,,NO,NO,NO,YES,0,,,YES
STD_SABR,STD_RX_2007,,,STRENGTH,2,30,9,,,0,0,,0,0,0,121,49750603,SPDE,24FEB17:11:42:53,15MAY17:11:05:04,0,NONE,DATA,2,---,---,BINARY,NO,,,,,NO,NO,NO,YES,0,,,YES
STD_SABR,STD_RX_2008,,,DISPENSE_AMT,1,8,7,"Number of Units (pills, tablets, vials) Dispensed",,0,0,,0,0,0,8,53490593,SPDE,24FEB17:11:46:17,15MAY17:11:05:05,0,NONE,DATA,2,---,---,BINARY,NO,,,,,NO,NO,NO,YES,0,,,YES
STD_SABR,STD_RX_2008,,,DISPENSE_DATE,1,4,4,Dispensing Date,MMDDYY,10,0,,0,0,0,16,53490593,SPDE,24FEB17:11:46:17,15MAY17:11:05:05,0,NONE,DATA,2,---,---,BINARY,NO,,,,,NO,NO,NO,YES,0,,,YES
STD_SABR,STD_RX_2008,,,DISPENSE_SUP,1,8,6,Days Supply,,0,0,,0,0,0,0,53490593,SPDE,24FEB17:11:46:17,15MAY17:11:05:05,0,NONE,DATA,2,---,---,BINARY,NO,,,,,NO,NO,NO,YES,0,,,YES
STD_SABR,STD_RX_2008,,,ENCOUNTERID,2,15,2,,,0,0,,0,0,0,40,53490593,SPDE,24FEB17:11:46:17,15MAY17:11:05:05,0,SIMPLE,DATA,2,---,---,BINARY,NO,,,,,NO,NO,NO,YES,0,,,YES
STD_SABR,STD_RX_2008,,,GNN,2,50,8,Generic Name,$,30,0,,0,0,0,71,53490593,SPDE,24FEB17:11:46:17,15MAY17:11:05:05,0,NONE,DATA,2,---,---,BINARY,NO,,,,,NO,NO,NO,YES,0,,,YES
STD_SABR,STD_RX_2008,,,NDC,2,11,5,National Drug Code,,0,0,,0,0,0,60,53490593,SPDE,24FEB17:11:46:17,15MAY17:11:05:05,0,NONE,DATA,2,---,---,BINARY,NO,,,,,NO,NO,NO,YES,0,,,YES
STD_SABR,STD_RX_2008,,,PATID,2,20,1,Unique Patient Identification Number,,0,0,,0,0,0,20,53490593,SPDE,24FEB17:11:46:17,15MAY17:11:05:05,0,SIMPLE,DATA,2,---,---,BINARY,NO,,,,,NO,NO,NO,YES,0,,,YES
STD_SABR,STD_RX_2008,,,PRESCRBER_ID,2,20,10,Prescriber ID,,0,0,,0,0,0,151,53490593,SPDE,24FEB17:11:46:17,15MAY17:11:05:05,0,NONE,DATA,2,---,---,BINARY,NO,,,,,NO,NO,NO,YES,0,,,YES
STD_SABR,STD_RX_2008,,,PRESCRBER_ID_TYPE,2,4,11,Prescriber ID Type,,0,0,,0,0,0,171,53490593,SPDE,24FEB17:11:46:17,15MAY17:11:05:05,0,NONE,DATA,2,---,---,BINARY,NO,,,,,NO,NO,NO,YES,0,,,YES
STD_SABR,STD_RX_2008,,,Phamacy_ID,2,15,12,,,0,0,,0,0,0,175,53490593,SPDE,24FEB17:11:46:17,15MAY17:11:05:05,0,NONE,DATA,2,---,---,BINARY,NO,,,,,NO,NO,NO,YES,0,,,YES
STD_SABR,STD_RX_2008,,,SOURCE,2,5,3,Data Source,,0,0,,0,0,0,55,53490593,SPDE,24FEB17:11:46:17,15MAY17:11:05:05,0,NONE,DATA,2,---,---,BINARY,NO,,,,,NO,NO,NO,YES,0,,,YES
STD_SABR,STD_RX_2008,,,STRENGTH,2,30,9,,,0,0,,0,0,0,121,53490593,SPDE,24FEB17:11:46:17,15MAY17:11:05:05,0,NONE,DATA,2,---,---,BINARY,NO,,,,,NO,NO,NO,YES,0,,,YES
STD_SABR,STD_RX_2009,,,DISPENSE_AMT,1,8,7,"Number of Units (pills, tablets, vials) Dispensed",,0,0,,0,0,0,8,54726319,SPDE,24FEB17:11:49:53,15MAY17:11:05:06,0,NONE,DATA,2,---,---,BINARY,NO,,,,,NO,NO,NO,YES,0,,,YES
STD_SABR,STD_RX_2009,,,DISPENSE_DATE,1,4,4,Dispensing Date,MMDDYY,10,0,,0,0,0,16,54726319,SPDE,24FEB17:11:49:53,15MAY17:11:05:06,0,NONE,DATA,2,---,---,BINARY,NO,,,,,NO,NO,NO,YES,0,,,YES
STD_SABR,STD_RX_2009,,,DISPENSE_SUP,1,8,6,Days Supply,,0,0,,0,0,0,0,54726319,SPDE,24FEB17:11:49:53,15MAY17:11:05:06,0,NONE,DATA,2,---,---,BINARY,NO,,,,,NO,NO,NO,YES,0,,,YES
STD_SABR,STD_RX_2009,,,ENCOUNTERID,2,15,2,,,0,0,,0,0,0,40,54726319,SPDE,24FEB17:11:49:53,15MAY17:11:05:06,0,SIMPLE,DATA,2,---,---,BINARY,NO,,,,,NO,NO,NO,YES,0,,,YES
STD_SABR,STD_RX_2009,,,GNN,2,50,8,Generic Name,$,30,0,,0,0,0,71,54726319,SPDE,24FEB17:11:49:53,15MAY17:11:05:06,0,NONE,DATA,2,---,---,BINARY,NO,,,,,NO,NO,NO,YES,0,,,YES
STD_SABR,STD_RX_2009,,,NDC,2,11,5,National Drug Code,,0,0,,0,0,0,60,54726319,SPDE,24FEB17:11:49:53,15MAY17:11:05:06,0,NONE,DATA,2,---,---,BINARY,NO,,,,,NO,NO,NO,YES,0,,,YES
STD_SABR,STD_RX_2009,,,PATID,2,20,1,Unique Patient Identification Number,,0,0,,0,0,0,20,54726319,SPDE,24FEB17:11:49:53,15MAY17:11:05:06,0,SIMPLE,DATA,2,---,---,BINARY,NO,,,,,NO,NO,NO,YES,0,,,YES
STD_SABR,STD_RX_2009,,,PRESCRBER_ID,2,20,10,Prescriber ID,,0,0,,0,0,0,151,54726319,SPDE,24FEB17:11:49:53,15MAY17:11:05:06,0,NONE,DATA,2,---,---,BINARY,NO,,,,,NO,NO,NO,YES,0,,,YES
STD_SABR,STD_RX_2009,,,PRESCRBER_ID_TYPE,2,4,11,Prescriber ID Type,,0,0,,0,0,0,171,54726319,SPDE,24FEB17:11:49:53,15MAY17:11:05:06,0,NONE,DATA,2,---,---,BINARY,NO,,,,,NO,NO,NO,YES,0,,,YES
STD_SABR,STD_RX_2009,,,Phamacy_ID,2,15,12,,,0,0,,0,0,0,175,54726319,SPDE,24FEB17:11:49:53,15MAY17:11:05:06,0,NONE,DATA,2,---,---,BINARY,NO,,,,,NO,NO,NO,YES,0,,,YES
STD_SABR,STD_RX_2009,,,SOURCE,2,5,3,Data Source,,0,0,,0,0,0,55,54726319,SPDE,24FEB17:11:49:53,15MAY17:11:05:06,0,NONE,DATA,2,---,---,BINARY,NO,,,,,NO,NO,NO,YES,0,,,YES
STD_SABR,STD_RX_2009,,,STRENGTH,2,30,9,,,0,0,,0,0,0,121,54726319,SPDE,24FEB17:11:49:53,15MAY17:11:05:06,0,NONE,DATA,2,---,---,BINARY,NO,,,,,NO,NO,NO,YES,0,,,YES
STD_SABR,STD_RX_2010,,,DISPENSE_AMT,1,8,7,"Number of Units (pills, tablets, vials) Dispensed",,0,0,,0,0,0,8,62361393,SPDE,24FEB17:11:53:36,15MAY17:11:05:07,0,NONE,DATA,2,---,---,BINARY,NO,,,,,NO,NO,NO,YES,0,,,YES
STD_SABR,STD_RX_2010,,,DISPENSE_DATE,1,4,4,Dispensing Date,MMDDYY,10,0,,0,0,0,16,62361393,SPDE,24FEB17:11:53:36,15MAY17:11:05:07,0,NONE,DATA,2,---,---,BINARY,NO,,,,,NO,NO,NO,YES,0,,,YES
STD_SABR,STD_RX_2010,,,DISPENSE_SUP,1,8,6,Days Supply,,0,0,,0,0,0,0,62361393,SPDE,24FEB17:11:53:36,15MAY17:11:05:07,0,NONE,DATA,2,---,---,BINARY,NO,,,,,NO,NO,NO,YES,0,,,YES
STD_SABR,STD_RX_2010,,,ENCOUNTERID,2,15,2,,,0,0,,0,0,0,40,62361393,SPDE,24FEB17:11:53:36,15MAY17:11:05:07,0,SIMPLE,DATA,2,---,---,BINARY,NO,,,,,NO,NO,NO,YES,0,,,YES
STD_SABR,STD_RX_2010,,,GNN,2,50,8,Generic Name,$,30,0,,0,0,0,71,62361393,SPDE,24FEB17:11:53:36,15MAY17:11:05:07,0,NONE,DATA,2,---,---,BINARY,NO,,,,,NO,NO,NO,YES,0,,,YES
STD_SABR,STD_RX_2010,,,NDC,2,11,5,National Drug Code,,0,0,,0,0,0,60,62361393,SPDE,24FEB17:11:53:36,15MAY17:11:05:07,0,NONE,DATA,2,---,---,BINARY,NO,,,,,NO,NO,NO,YES,0,,,YES
STD_SABR,STD_RX_2010,,,PATID,2,20,1,Unique Patient Identification Number,,0,0,,0,0,0,20,62361393,SPDE,24FEB17:11:53:36,15MAY17:11:05:07,0,SIMPLE,DATA,2,---,---,BINARY,NO,,,,,NO,NO,NO,YES,0,,,YES
STD_SABR,STD_RX_2010,,,PRESCRBER_ID,2,20,10,Prescriber ID,,0,0,,0,0,0,151,62361393,SPDE,24FEB17:11:53:36,15MAY17:11:05:07,0,NONE,DATA,2,---,---,BINARY,NO,,,,,NO,NO,NO,YES,0,,,YES
STD_SABR,STD_RX_2010,,,PRESCRBER_ID_TYPE,2,4,11,Prescriber ID Type,,0,0,,0,0,0,171,62361393,SPDE,24FEB17:11:53:36,15MAY17:11:05:07,0,NONE,DATA,2,---,---,BINARY,NO,,,,,NO,NO,NO,YES,0,,,YES
STD_SABR,STD_RX_2010,,,Phamacy_ID,2,15,12,,,0,0,,0,0,0,175,62361393,SPDE,24FEB17:11:53:36,15MAY17:11:05:07,0,NONE,DATA,2,---,---,BINARY,NO,,,,,NO,NO,NO,YES,0,,,YES
STD_SABR,STD_RX_2010,,,SOURCE,2,5,3,Data Source,,0,0,,0,0,0,55,62361393,SPDE,24FEB17:11:53:36,15MAY17:11:05:07,0,NONE,DATA,2,---,---,BINARY,NO,,,,,NO,NO,NO,YES,0,,,YES
STD_SABR,STD_RX_2010,,,STRENGTH,2,30,9,,,0,0,,0,0,0,121,62361393,SPDE,24FEB17:11:53:36,15MAY17:11:05:07,0,NONE,DATA,2,---,---,BINARY,NO,,,,,NO,NO,NO,YES,0,,,YES
STD_SABR,STD_RX_2011,,,DISPENSE_AMT,1,8,7,"Number of Units (pills, tablets, vials) Dispensed",,0,0,,0,0,0,8,70577350,SPDE,24FEB17:11:57:40,15MAY17:11:05:08,0,NONE,DATA,2,---,---,BINARY,NO,,,,,NO,NO,NO,YES,0,,,YES
STD_SABR,STD_RX_2011,,,DISPENSE_DATE,1,4,4,Dispensing Date,MMDDYY,10,0,,0,0,0,16,70577350,SPDE,24FEB17:11:57:40,15MAY17:11:05:08,0,NONE,DATA,2,---,---,BINARY,NO,,,,,NO,NO,NO,YES,0,,,YES
STD_SABR,STD_RX_2011,,,DISPENSE_SUP,1,8,6,Days Supply,,0,0,,0,0,0,0,70577350,SPDE,24FEB17:11:57:40,15MAY17:11:05:08,0,NONE,DATA,2,---,---,BINARY,NO,,,,,NO,NO,NO,YES,0,,,YES
STD_SABR,STD_RX_2011,,,ENCOUNTERID,2,15,2,,,0,0,,0,0,0,40,70577350,SPDE,24FEB17:11:57:40,15MAY17:11:05:08,0,SIMPLE,DATA,2,---,---,BINARY,NO,,,,,NO,NO,NO,YES,0,,,YES
STD_SABR,STD_RX_2011,,,GNN,2,50,8,Generic Name,,0,0,,0,0,0,71,70577350,SPDE,24FEB17:11:57:40,15MAY17:11:05:08,0,NONE,DATA,2,---,---,BINARY,NO,,,,,NO,NO,NO,YES,0,,,YES
STD_SABR,STD_RX_2011,,,NDC,2,11,5,National Drug Code,,0,0,,0,0,0,60,70577350,SPDE,24FEB17:11:57:40,15MAY17:11:05:08,0,NONE,DATA,2,---,---,BINARY,NO,,,,,NO,NO,NO,YES,0,,,YES
STD_SABR,STD_RX_2011,,,PATID,2,20,1,Unique Patient Identification Number,,0,0,,0,0,0,20,70577350,SPDE,24FEB17:11:57:40,15MAY17:11:05:08,0,SIMPLE,DATA,2,---,---,BINARY,NO,,,,,NO,NO,NO,YES,0,,,YES
STD_SABR,STD_RX_2011,,,PRESCRBER_ID,2,20,10,Prescriber ID,,0,0,,0,0,0,151,70577350,SPDE,24FEB17:11:57:40,15MAY17:11:05:08,0,NONE,DATA,2,---,---,BINARY,NO,,,,,NO,NO,NO,YES,0,,,YES
STD_SABR,STD_RX_2011,,,PRESCRBER_ID_TYPE,2,4,11,Prescriber ID Type,,0,0,,0,0,0,171,70577350,SPDE,24FEB17:11:57:40,15MAY17:11:05:08,0,NONE,DATA,2,---,---,BINARY,NO,,,,,NO,NO,NO,YES,0,,,YES
STD_SABR,STD_RX_2011,,,Phamacy_ID,2,15,12,,,0,0,,0,0,0,175,70577350,SPDE,24FEB17:11:57:40,15MAY17:11:05:08,0,NONE,DATA,2,---,---,BINARY,NO,,,,,NO,NO,NO,YES,0,,,YES
STD_SABR,STD_RX_2011,,,SOURCE,2,5,3,Data Source,,0,0,,0,0,0,55,70577350,SPDE,24FEB17:11:57:40,15MAY17:11:05:08,0,NONE,DATA,2,---,---,BINARY,NO,,,,,NO,NO,NO,YES,0,,,YES
STD_SABR,STD_RX_2011,,,STRENGTH,2,30,9,,,0,0,,0,0,0,121,70577350,SPDE,24FEB17:11:57:40,15MAY17:11:05:08,0,NONE,DATA,2,---,---,BINARY,NO,,,,,NO,NO,NO,YES,0,,,YES
STD_SABR,STD_RX_2012,,,DISPENSE_AMT,1,8,7,"Number of Units (pills, tablets, vials) Dispensed",,0,0,,0,0,0,8,88278950,SPDE,24FEB17:12:02:04,15MAY17:11:05:09,0,NONE,DATA,2,---,---,BINARY,NO,,,,,NO,NO,NO,YES,0,,,YES
STD_SABR,STD_RX_2012,,,DISPENSE_DATE,1,4,4,Dispensing Date,MMDDYY,10,0,,0,0,0,16,88278950,SPDE,24FEB17:12:02:04,15MAY17:11:05:09,0,NONE,DATA,2,---,---,BINARY,NO,,,,,NO,NO,NO,YES,0,,,YES
STD_SABR,STD_RX_2012,,,DISPENSE_SUP,1,8,6,Days Supply,,0,0,,0,0,0,0,88278950,SPDE,24FEB17:12:02:04,15MAY17:11:05:09,0,NONE,DATA,2,---,---,BINARY,NO,,,,,NO,NO,NO,YES,0,,,YES
STD_SABR,STD_RX_2012,,,ENCOUNTERID,2,15,2,,,0,0,,0,0,0,40,88278950,SPDE,24FEB17:12:02:04,15MAY17:11:05:09,0,SIMPLE,DATA,2,---,---,BINARY,NO,,,,,NO,NO,NO,YES,0,,,YES
STD_SABR,STD_RX_2012,,,GNN,2,50,8,Generic Name,$,30,0,,0,0,0,71,88278950,SPDE,24FEB17:12:02:04,15MAY17:11:05:09,0,NONE,DATA,2,---,---,BINARY,NO,,,,,NO,NO,NO,YES,0,,,YES
STD_SABR,STD_RX_2012,,,NDC,2,11,5,National Drug Code,,0,0,,0,0,0,60,88278950,SPDE,24FEB17:12:02:04,15MAY17:11:05:09,0,NONE,DATA,2,---,---,BINARY,NO,,,,,NO,NO,NO,YES,0,,,YES
STD_SABR,STD_RX_2012,,,PATID,2,20,1,Unique Patient Identification Number,,0,0,,0,0,0,20,88278950,SPDE,24FEB17:12:02:04,15MAY17:11:05:09,0,SIMPLE,DATA,2,---,---,BINARY,NO,,,,,NO,NO,NO,YES,0,,,YES
STD_SABR,STD_RX_2012,,,PRESCRBER_ID,2,20,10,Prescriber ID,,0,0,,0,0,0,151,88278950,SPDE,24FEB17:12:02:04,15MAY17:11:05:09,0,NONE,DATA,2,---,---,BINARY,NO,,,,,NO,NO,NO,YES,0,,,YES
STD_SABR,STD_RX_2012,,,PRESCRBER_ID_TYPE,2,4,11,Prescriber ID Type,,0,0,,0,0,0,171,88278950,SPDE,24FEB17:12:02:04,15MAY17:11:05:09,0,NONE,DATA,2,---,---,BINARY,NO,,,,,NO,NO,NO,YES,0,,,YES
STD_SABR,STD_RX_2012,,,Phamacy_ID,2,15,12,,,0,0,,0,0,0,175,88278950,SPDE,24FEB17:12:02:04,15MAY17:11:05:09,0,NONE,DATA,2,---,---,BINARY,NO,,,,,NO,NO,NO,YES,0,,,YES
STD_SABR,STD_RX_2012,,,SOURCE,2,5,3,Data Source,,0,0,,0,0,0,55,88278950,SPDE,24FEB17:12:02:04,15MAY17:11:05:09,0,NONE,DATA,2,---,---,BINARY,NO,,,,,NO,NO,NO,YES,0,,,YES
STD_SABR,STD_RX_2012,,,STRENGTH,2,30,9,,,0,0,,0,0,0,121,88278950,SPDE,24FEB17:12:02:04,15MAY17:11:05:09,0,NONE,DATA,2,---,---,BINARY,NO,,,,,NO,NO,NO,YES,0,,,YES
STD_SABR,STD_RX_2013,,,DISPENSE_AMT,1,8,7,"Number of Units (pills, tablets, vials) Dispensed",,0,0,,0,0,0,8,138804400,SPDE,24AUG16:14:37:44,15MAY17:11:05:10,0,NONE,DATA,2,---,---,BINARY,NO,,,,,NO,NO,NO,YES,0,,,YES
STD_SABR,STD_RX_2013,,,DISPENSE_DATE,1,4,4,Dispensing Date,MMDDYY,10,0,,0,0,0,16,138804400,SPDE,24AUG16:14:37:44,15MAY17:11:05:10,0,NONE,DATA,2,---,---,BINARY,NO,,,,,NO,NO,NO,YES,0,,,YES
STD_SABR,STD_RX_2013,,,DISPENSE_SUP,1,8,6,Days Supply,,0,0,,0,0,0,0,138804400,SPDE,24AUG16:14:37:44,15MAY17:11:05:10,0,NONE,DATA,2,---,---,BINARY,NO,,,,,NO,NO,NO,YES,0,,,YES
STD_SABR,STD_RX_2013,,,ENCOUNTERID,2,15,2,,,0,0,,0,0,0,40,138804400,SPDE,24AUG16:14:37:44,15MAY17:11:05:10,0,SIMPLE,DATA,2,---,---,BINARY,NO,,,,,NO,NO,NO,YES,0,,,YES
STD_SABR,STD_RX_2013,,,GNN,2,50,8,Generic Name,$,30,0,,0,0,0,71,138804400,SPDE,24AUG16:14:37:44,15MAY17:11:05:10,0,NONE,DATA,2,---,---,BINARY,NO,,,,,NO,NO,NO,YES,0,,,YES
STD_SABR,STD_RX_2013,,,NDC,2,11,5,National Drug Code,,0,0,,0,0,0,60,138804400,SPDE,24AUG16:14:37:44,15MAY17:11:05:10,0,NONE,DATA,2,---,---,BINARY,NO,,,,,NO,NO,NO,YES,0,,,YES
STD_SABR,STD_RX_2013,,,PATID,2,20,1,Unique Patient Identification Number,,0,0,,0,0,0,20,138804400,SPDE,24AUG16:14:37:44,15MAY17:11:05:10,0,SIMPLE,DATA,2,---,---,BINARY,NO,,,,,NO,NO,NO,YES,0,,,YES
STD_SABR,STD_RX_2013,,,PRESCRBER_ID,2,20,10,Prescriber ID,,0,0,,0,0,0,151,138804400,SPDE,24AUG16:14:37:44,15MAY17:11:05:10,0,NONE,DATA,2,---,---,BINARY,NO,,,,,NO,NO,NO,YES,0,,,YES
STD_SABR,STD_RX_2013,,,PRESCRBER_ID_TYPE,2,4,11,Prescriber ID Type,,0,0,,0,0,0,171,138804400,SPDE,24AUG16:14:37:44,15MAY17:11:05:10,0,NONE,DATA,2,---,---,BINARY,NO,,,,,NO,NO,NO,YES,0,,,YES
STD_SABR,STD_RX_2013,,,Phamacy_ID,2,15,12,,,0,0,,0,0,0,175,138804400,SPDE,24AUG16:14:37:44,15MAY17:11:05:10,0,NONE,DATA,2,---,---,BINARY,NO,,,,,NO,NO,NO,YES,0,,,YES
STD_SABR,STD_RX_2013,,,SOURCE,2,5,3,Data Source,,0,0,,0,0,0,55,138804400,SPDE,24AUG16:14:37:44,15MAY17:11:05:10,0,NONE,DATA,2,---,---,BINARY,NO,,,,,NO,NO,NO,YES,0,,,YES
STD_SABR,STD_RX_2013,,,STRENGTH,2,30,9,,,0,0,,0,0,0,121,138804400,SPDE,24AUG16:14:37:44,15MAY17:11:05:10,0,NONE,DATA,2,---,---,BINARY,NO,,,,,NO,NO,NO,YES,0,,,YES
STD_SABR,STD_RX_2014,,,DISPENSE_AMT,1,8,7,"Number of Units (pills, tablets, vials) Dispensed",,0,0,,0,0,0,8,169727579,SPDE,24AUG16:14:50:45,15MAY17:11:05:11,0,NONE,DATA,2,---,---,BINARY,NO,,,,,NO,NO,NO,YES,0,,,YES
STD_SABR,STD_RX_2014,,,DISPENSE_DATE,1,4,4,Dispensing Date,MMDDYY,10,0,,0,0,0,16,169727579,SPDE,24AUG16:14:50:45,15MAY17:11:05:11,0,NONE,DATA,2,---,---,BINARY,NO,,,,,NO,NO,NO,YES,0,,,YES
STD_SABR,STD_RX_2014,,,DISPENSE_SUP,1,8,6,Days Supply,,0,0,,0,0,0,0,169727579,SPDE,24AUG16:14:50:45,15MAY17:11:05:11,0,NONE,DATA,2,---,---,BINARY,NO,,,,,NO,NO,NO,YES,0,,,YES
STD_SABR,STD_RX_2014,,,ENCOUNTERID,2,15,2,,,0,0,,0,0,0,40,169727579,SPDE,24AUG16:14:50:45,15MAY17:11:05:11,0,SIMPLE,DATA,2,---,---,BINARY,NO,,,,,NO,NO,NO,YES,0,,,YES
STD_SABR,STD_RX_2014,,,GNN,2,50,8,Generic Name,$,30,0,,0,0,0,71,169727579,SPDE,24AUG16:14:50:45,15MAY17:11:05:11,0,NONE,DATA,2,---,---,BINARY,NO,,,,,NO,NO,NO,YES,0,,,YES
STD_SABR,STD_RX_2014,,,NDC,2,11,5,National Drug Code,,0,0,,0,0,0,60,169727579,SPDE,24AUG16:14:50:45,15MAY17:11:05:11,0,NONE,DATA,2,---,---,BINARY,NO,,,,,NO,NO,NO,YES,0,,,YES
STD_SABR,STD_RX_2014,,,PATID,2,20,1,Unique Patient Identification Number,,0,0,,0,0,0,20,169727579,SPDE,24AUG16:14:50:45,15MAY17:11:05:11,0,SIMPLE,DATA,2,---,---,BINARY,NO,,,,,NO,NO,NO,YES,0,,,YES
STD_SABR,STD_RX_2014,,,PRESCRBER_ID,2,20,10,Prescriber ID,,0,0,,0,0,0,151,169727579,SPDE,24AUG16:14:50:45,15MAY17:11:05:11,0,NONE,DATA,2,---,---,BINARY,NO,,,,,NO,NO,NO,YES,0,,,YES
STD_SABR,STD_RX_2014,,,PRESCRBER_ID_TYPE,2,4,11,Prescriber ID Type,,0,0,,0,0,0,171,169727579,SPDE,24AUG16:14:50:45,15MAY17:11:05:11,0,NONE,DATA,2,---,---,BINARY,NO,,,,,NO,NO,NO,YES,0,,,YES
STD_SABR,STD_RX_2014,,,Phamacy_ID,2,15,12,,,0,0,,0,0,0,175,169727579,SPDE,24AUG16:14:50:45,15MAY17:11:05:11,0,NONE,DATA,2,---,---,BINARY,NO,,,,,NO,NO,NO,YES,0,,,YES
STD_SABR,STD_RX_2014,,,SOURCE,2,5,3,Data Source,,0,0,,0,0,0,55,169727579,SPDE,24AUG16:14:50:45,15MAY17:11:05:11,0,NONE,DATA,2,---,---,BINARY,NO,,,,,NO,NO,NO,YES,0,,,YES
STD_SABR,STD_RX_2014,,,STRENGTH,2,30,9,,,0,0,,0,0,0,121,169727579,SPDE,24AUG16:14:50:45,15MAY17:11:05:11,0,NONE,DATA,2,---,---,BINARY,NO,,,,,NO,NO,NO,YES,0,,,YES
