LIBNAME,MEMNAME,MEMLABEL,TYPEMEM,NAME,TYPE,LENGTH,VARNUM,LABEL,FORMAT,FORMATL,FORMATD,INFORMAT,INFORML,INFORMD,JUST,NPOS,NOBS,ENGINE,CRDATE,MODATE,DELOBS,IDXUSAGE,MEMTYPE,IDXCOUNT,PROTECT,FLAGS,COMPRESS,REUSE,SORTED,SORTEDBY,CHARSET,COLLATE,NODUPKEY,NODUPREC,ENCRYPT,POINTOBS,GENMAX,GENNUM,GENNEXT
MPSTD,DEMOG,"Demographic Info from MarketScan I, F, S and T Files",,DEATH_DATE,1,4,2,Patient Date of Death,MMDDYY,10,0,,0,0,0,0,2274485,SPDE,11NOV16:15:00:01,11NOV16:15:00:01,0,NONE,DATA,1,---,---,CHAR,NO,,,,,NO,NO,NO,YES,0,,
MPSTD,DEMOG,"Demographic Info from MarketScan I, F, S and T Files",,HISPANIC,2,2,4,"Hispanic Origin, Regardless of Race",,0,0,,0,0,0,27,2274485,SPDE,11NOV16:15:00:01,11NOV16:15:00:01,0,NONE,DATA,1,---,---,CHAR,NO,,,,,NO,NO,NO,YES,0,,
MPSTD,DEMOG,"Demographic Info from MarketScan I, F, S and T Files",,N_DEATH,1,3,3,Number of Unique Death Date,,0,0,,0,0,0,24,2274485,SPDE,11NOV16:15:00:01,11NOV16:15:00:01,0,NONE,DATA,1,---,---,CHAR,NO,,,,,NO,NO,NO,YES,0,,
MPSTD,DEMOG,"Demographic Info from MarketScan I, F, S and T Files",,PATID,2,20,1,Unique Patient Identification Number,,0,0,,0,0,0,4,2274485,SPDE,11NOV16:15:00:01,11NOV16:15:00:01,0,SIMPLE,DATA,1,---,---,CHAR,NO,,,,,NO,NO,NO,YES,0,,
MPSTD,DEMOG,"Demographic Info from MarketScan I, F, S and T Files",,RACE,2,2,5,Patient Race,,0,0,,0,0,0,29,2274485,SPDE,11NOV16:15:00:01,11NOV16:15:00:01,0,NONE,DATA,1,---,---,CHAR,NO,,,,,NO,NO,NO,YES,0,,
MPSTD,DEMOG,"Demographic Info from MarketScan I, F, S and T Files",,SEX,2,2,6,Administrative Sex,,0,0,,0,0,0,31,2274485,SPDE,11NOV16:15:00:01,11NOV16:15:00:01,0,NONE,DATA,1,---,---,CHAR,NO,,,,,NO,NO,NO,YES,0,,
MPSTD,DX_07_10,,,ADMIT_DATE,1,4,4,Admission Date,MMDDYY,10,0,,0,0,0,0,203553545,SPDE,10APR17:10:56:24,10APR17:10:56:24,0,NONE,DATA,0,---,---,BINARY,NO,,,,,NO,NO,NO,YES,0,,
MPSTD,DX_07_10,,,ADMIT_TYPE,2,2,9,Admit Type,$ADMTYP_MPCD,0,0,,0,0,0,55,203553545,SPDE,10APR17:10:56:24,10APR17:10:56:24,0,NONE,DATA,0,---,---,BINARY,NO,,,,,NO,NO,NO,YES,0,,
MPSTD,DX_07_10,,,AGE,2,5,20,,,0,0,,0,0,0,113,203553545,SPDE,10APR17:10:56:24,10APR17:10:56:24,0,NONE,DATA,0,---,---,BINARY,NO,,,,,NO,NO,NO,YES,0,,
MPSTD,DX_07_10,,,BEGIN_DATE,1,4,7,Beginning Date of Service,MMDDYY,10,0,,0,0,0,8,203553545,SPDE,10APR17:10:56:24,10APR17:10:56:24,0,NONE,DATA,0,---,---,BINARY,NO,,,,,NO,NO,NO,YES,0,,
MPSTD,DX_07_10,,,DISCHARGE_DATE,1,4,5,Discharge Date,MMDDYY,10,0,,0,0,0,4,203553545,SPDE,10APR17:10:56:24,10APR17:10:56:24,0,NONE,DATA,0,---,---,BINARY,NO,,,,,NO,NO,NO,YES,0,,
MPSTD,DX_07_10,,,DISCHARGE_STATUS,2,2,6,Discharge Status,$DSTATUS_MPCD,0,0,,0,0,0,53,203553545,SPDE,10APR17:10:56:24,10APR17:10:56:24,0,NONE,DATA,0,---,---,BINARY,NO,,,,,NO,NO,NO,YES,0,,
MPSTD,DX_07_10,,,DX,2,5,10,Diagnosis Code,,0,0,,0,0,0,57,203553545,SPDE,10APR17:10:56:24,10APR17:10:56:24,0,NONE,DATA,0,---,---,BINARY,NO,,,,,NO,NO,NO,YES,0,,
MPSTD,DX_07_10,,,DX_TYPE,2,2,12,Diagnosis Code Type,,0,0,,0,0,0,63,203553545,SPDE,10APR17:10:56:24,10APR17:10:56:24,0,NONE,DATA,0,---,---,BINARY,NO,,,,,NO,NO,NO,YES,0,,
MPSTD,DX_07_10,,,ENCOUNTERID,2,15,2,Encounter ID,,0,0,,0,0,0,36,203553545,SPDE,10APR17:10:56:24,10APR17:10:56:24,0,NONE,DATA,0,---,---,BINARY,NO,,,,,NO,NO,NO,YES,0,,
MPSTD,DX_07_10,,,ENC_TYPE,2,2,3,Encounter Type,,0,0,,0,0,0,51,203553545,SPDE,10APR17:10:56:24,10APR17:10:56:24,0,NONE,DATA,0,---,---,BINARY,NO,,,,,NO,NO,NO,YES,0,,
MPSTD,DX_07_10,,,END_DATE,1,4,8,Ending Date of Service,MMDDYY,10,0,,0,0,0,12,203553545,SPDE,10APR17:10:56:24,10APR17:10:56:24,0,NONE,DATA,0,---,---,BINARY,NO,,,,,NO,NO,NO,YES,0,,
MPSTD,DX_07_10,,,FACILITY_ID,2,16,17,Facility ID,,0,0,,0,0,0,89,203553545,SPDE,10APR17:10:56:24,10APR17:10:56:24,0,NONE,DATA,0,---,---,BINARY,NO,,,,,NO,NO,NO,YES,0,,
MPSTD,DX_07_10,,,FACILITY_TYPE,2,3,18,Place of Service,$FACILITY_MPCD,0,0,,0,0,0,105,203553545,SPDE,10APR17:10:56:24,10APR17:10:56:24,0,NONE,DATA,0,---,---,BINARY,NO,,,,,NO,NO,NO,YES,0,,
MPSTD,DX_07_10,,,PATID,2,20,1,Unique Patient Identification Number,,0,0,,0,0,0,16,203553545,SPDE,10APR17:10:56:24,10APR17:10:56:24,0,NONE,DATA,0,---,---,BINARY,NO,,,,,NO,NO,NO,YES,0,,
MPSTD,DX_07_10,,,PDX,2,1,11,Primary Diagnosis,,0,0,,0,0,0,62,203553545,SPDE,10APR17:10:56:24,10APR17:10:56:24,0,NONE,DATA,0,---,---,BINARY,NO,,,,,NO,NO,NO,YES,0,,
MPSTD,DX_07_10,,,POA,2,1,13,Present on Admission (POA),$POA_MPCD,0,0,,0,0,0,65,203553545,SPDE,10APR17:10:56:24,10APR17:10:56:24,0,NONE,DATA,0,---,---,BINARY,NO,,,,,NO,NO,NO,YES,0,,
MPSTD,DX_07_10,,,PROV_ID,2,16,14,Provider ID,,0,0,,0,0,0,66,203553545,SPDE,10APR17:10:56:24,10APR17:10:56:24,0,NONE,DATA,0,---,---,BINARY,NO,,,,,NO,NO,NO,YES,0,,
MPSTD,DX_07_10,,,PROV_ID_TYPE,2,4,15,Provider ID Type,,0,0,,0,0,0,82,203553545,SPDE,10APR17:10:56:24,10APR17:10:56:24,0,NONE,DATA,0,---,---,BINARY,NO,,,,,NO,NO,NO,YES,0,,
MPSTD,DX_07_10,,,PROV_TYPE,2,3,16,Provider Type,$PROVIDER_MPCD,0,0,,0,0,0,86,203553545,SPDE,10APR17:10:56:24,10APR17:10:56:24,0,NONE,DATA,0,---,---,BINARY,NO,,,,,NO,NO,NO,YES,0,,
MPSTD,DX_07_10,,,SOURCE,2,5,19,Data Source from the Original File,,0,0,,0,0,0,108,203553545,SPDE,10APR17:10:56:24,10APR17:10:56:24,0,NONE,DATA,0,---,---,BINARY,NO,,,,,NO,NO,NO,YES,0,,
MPSTD,DX_IP_07_10,DXs from MPCD 2007-2010 Demographics & Diagnosis Files,,ADMIT_DATE,1,4,4,Admission Date,MMDDYY,10,0,,0,0,0,0,15517062,SPDE,21FEB17:18:11:35,21FEB17:18:11:35,0,NONE,DATA,2,---,---,BINARY,NO,1,9,ANSI,,NO,YES,NO,YES,0,,
MPSTD,DX_IP_07_10,DXs from MPCD 2007-2010 Demographics & Diagnosis Files,,ADMIT_TYPE,2,2,9,Admit Type,$ADMTYP_MPCD,0,0,,0,0,0,55,15517062,SPDE,21FEB17:18:11:35,21FEB17:18:11:35,0,NONE,DATA,2,---,---,BINARY,NO,1,14,ANSI,,NO,YES,NO,YES,0,,
MPSTD,DX_IP_07_10,DXs from MPCD 2007-2010 Demographics & Diagnosis Files,,AGE,2,5,19,MPCD Age Group(in 5 years) When Claim Submitted,,0,0,,0,0,0,108,15517062,SPDE,21FEB17:18:11:35,21FEB17:18:11:35,0,NONE,DATA,2,---,---,BINARY,NO,1,,ANSI,,NO,YES,NO,YES,0,,
MPSTD,DX_IP_07_10,DXs from MPCD 2007-2010 Demographics & Diagnosis Files,,BEGIN_DATE,1,4,7,Beginning Date of Service,MMDDYY,10,0,,0,0,0,8,15517062,SPDE,21FEB17:18:11:35,21FEB17:18:11:35,0,SIMPLE,DATA,2,---,---,BINARY,NO,1,12,ANSI,,NO,YES,NO,YES,0,,
MPSTD,DX_IP_07_10,DXs from MPCD 2007-2010 Demographics & Diagnosis Files,,DISCHARGE_DATE,1,4,5,Discharge Date,MMDDYY,10,0,,0,0,0,4,15517062,SPDE,21FEB17:18:11:35,21FEB17:18:11:35,0,NONE,DATA,2,---,---,BINARY,NO,1,10,ANSI,,NO,YES,NO,YES,0,,
MPSTD,DX_IP_07_10,DXs from MPCD 2007-2010 Demographics & Diagnosis Files,,DISCHARGE_STATUS,2,2,6,Discharge Status,$DSTATUS_MPCD,0,0,,0,0,0,53,15517062,SPDE,21FEB17:18:11:35,21FEB17:18:11:35,0,NONE,DATA,2,---,---,BINARY,NO,1,11,ANSI,,NO,YES,NO,YES,0,,
MPSTD,DX_IP_07_10,DXs from MPCD 2007-2010 Demographics & Diagnosis Files,,DX,2,5,10,Diagnosis Code,,0,0,,0,0,0,57,15517062,SPDE,21FEB17:18:11:35,21FEB17:18:11:35,0,NONE,DATA,2,---,---,BINARY,NO,1,17,ANSI,,NO,YES,NO,YES,0,,
MPSTD,DX_IP_07_10,DXs from MPCD 2007-2010 Demographics & Diagnosis Files,,DX_TYPE,2,2,12,Diagnosis Code Type,,0,0,,0,0,0,63,15517062,SPDE,21FEB17:18:11:35,21FEB17:18:11:35,0,NONE,DATA,2,---,---,BINARY,NO,1,18,ANSI,,NO,YES,NO,YES,0,,
MPSTD,DX_IP_07_10,DXs from MPCD 2007-2010 Demographics & Diagnosis Files,,ENCOUNTERID,2,15,2,Encounter ID,,0,0,,0,0,0,36,15517062,SPDE,21FEB17:18:11:35,21FEB17:18:11:35,0,NONE,DATA,2,---,---,BINARY,NO,1,2,ANSI,,NO,YES,NO,YES,0,,
MPSTD,DX_IP_07_10,DXs from MPCD 2007-2010 Demographics & Diagnosis Files,,ENC_TYPE,2,2,3,Encounter Type,,0,0,,0,0,0,51,15517062,SPDE,21FEB17:18:11:35,21FEB17:18:11:35,0,NONE,DATA,2,---,---,BINARY,NO,1,3,ANSI,,NO,YES,NO,YES,0,,
MPSTD,DX_IP_07_10,DXs from MPCD 2007-2010 Demographics & Diagnosis Files,,END_DATE,1,4,8,Ending Date of Service,MMDDYY,10,0,,0,0,0,12,15517062,SPDE,21FEB17:18:11:35,21FEB17:18:11:35,0,NONE,DATA,2,---,---,BINARY,NO,1,13,ANSI,,NO,YES,NO,YES,0,,
MPSTD,DX_IP_07_10,DXs from MPCD 2007-2010 Demographics & Diagnosis Files,,FACILITY_ID,2,16,17,Facility ID,,0,0,,0,0,0,89,15517062,SPDE,21FEB17:18:11:35,21FEB17:18:11:35,0,NONE,DATA,2,---,---,BINARY,NO,1,7,ANSI,,NO,YES,NO,YES,0,,
MPSTD,DX_IP_07_10,DXs from MPCD 2007-2010 Demographics & Diagnosis Files,,FACILITY_TYPE,2,3,18,Place of Service,$FACILITY_MPCD,0,0,,0,0,0,105,15517062,SPDE,21FEB17:18:11:35,21FEB17:18:11:35,0,NONE,DATA,2,---,---,BINARY,NO,1,8,ANSI,,NO,YES,NO,YES,0,,
MPSTD,DX_IP_07_10,DXs from MPCD 2007-2010 Demographics & Diagnosis Files,,PATID,2,20,1,Unique Patient Identification Number,,0,0,,0,0,0,16,15517062,SPDE,21FEB17:18:11:35,21FEB17:18:11:35,0,SIMPLE,DATA,2,---,---,BINARY,NO,1,1,ANSI,,NO,YES,NO,YES,0,,
MPSTD,DX_IP_07_10,DXs from MPCD 2007-2010 Demographics & Diagnosis Files,,PDX,2,1,11,Primary Diagnosis,,0,0,,0,0,0,62,15517062,SPDE,21FEB17:18:11:35,21FEB17:18:11:35,0,NONE,DATA,2,---,---,BINARY,NO,1,-16,ANSI,,NO,YES,NO,YES,0,,
MPSTD,DX_IP_07_10,DXs from MPCD 2007-2010 Demographics & Diagnosis Files,,POA,2,1,13,Present on Admission (POA),$POA_MPCD,0,0,,0,0,0,65,15517062,SPDE,21FEB17:18:11:35,21FEB17:18:11:35,0,NONE,DATA,2,---,---,BINARY,NO,1,15,ANSI,,NO,YES,NO,YES,0,,
MPSTD,DX_IP_07_10,DXs from MPCD 2007-2010 Demographics & Diagnosis Files,,PROV_ID,2,16,14,Provider ID,,0,0,,0,0,0,66,15517062,SPDE,21FEB17:18:11:35,21FEB17:18:11:35,0,NONE,DATA,2,---,---,BINARY,NO,1,4,ANSI,,NO,YES,NO,YES,0,,
MPSTD,DX_IP_07_10,DXs from MPCD 2007-2010 Demographics & Diagnosis Files,,PROV_ID_TYPE,2,4,15,Provider ID Type,,0,0,,0,0,0,82,15517062,SPDE,21FEB17:18:11:35,21FEB17:18:11:35,0,NONE,DATA,2,---,---,BINARY,NO,1,5,ANSI,,NO,YES,NO,YES,0,,
MPSTD,DX_IP_07_10,DXs from MPCD 2007-2010 Demographics & Diagnosis Files,,PROV_TYPE,2,3,16,Provider Type,$PROVIDER_MPCD,0,0,,0,0,0,86,15517062,SPDE,21FEB17:18:11:35,21FEB17:18:11:35,0,NONE,DATA,2,---,---,BINARY,NO,1,6,ANSI,,NO,YES,NO,YES,0,,
MPSTD,DX_IP_07_10,DXs from MPCD 2007-2010 Demographics & Diagnosis Files,,SOURCE,2,5,20,Data Source from the Original File,,0,0,,0,0,0,113,15517062,SPDE,21FEB17:18:11:35,21FEB17:18:11:35,0,NONE,DATA,2,---,---,BINARY,NO,1,19,ANSI,,NO,YES,NO,YES,0,,
MPSTD,DX_OP_07_10,OP DXs from MPCD 2007-2010 Demographic & Diagnosis Files,,ADMIT_DATE,1,4,4,Admission Date,MMDDYY,10,0,,0,0,0,0,175611046,SPDE,01DEC16:11:40:56,01DEC16:11:40:56,0,NONE,DATA,2,---,---,CHAR,NO,1,9,ANSI,,YES,NO,NO,YES,0,,
MPSTD,DX_OP_07_10,OP DXs from MPCD 2007-2010 Demographic & Diagnosis Files,,AGE,2,5,17,MPCD Age Group(in 5 years) When Claim Submitted,,0,0,,0,0,0,105,175611046,SPDE,01DEC16:11:40:56,01DEC16:11:40:56,0,NONE,DATA,2,---,---,CHAR,NO,1,,ANSI,,YES,NO,NO,YES,0,,
MPSTD,DX_OP_07_10,OP DXs from MPCD 2007-2010 Demographic & Diagnosis Files,,BEGIN_DATE,1,4,7,Beginning Date of Service,MMDDYY,10,0,,0,0,0,8,175611046,SPDE,01DEC16:11:40:56,01DEC16:11:40:56,0,SIMPLE,DATA,2,---,---,CHAR,NO,1,12,ANSI,,YES,NO,NO,YES,0,,
MPSTD,DX_OP_07_10,OP DXs from MPCD 2007-2010 Demographic & Diagnosis Files,,DISCHARGE_DATE,1,4,5,Discharge Date,MMDDYY,10,0,,0,0,0,4,175611046,SPDE,01DEC16:11:40:56,01DEC16:11:40:56,0,NONE,DATA,2,---,---,CHAR,NO,1,10,ANSI,,YES,NO,NO,YES,0,,
MPSTD,DX_OP_07_10,OP DXs from MPCD 2007-2010 Demographic & Diagnosis Files,,DISCHARGE_STATUS,2,2,6,Discharge Status,$DSTATUS_MPCD,0,0,,0,0,0,53,175611046,SPDE,01DEC16:11:40:56,01DEC16:11:40:56,0,NONE,DATA,2,---,---,CHAR,NO,1,11,ANSI,,YES,NO,NO,YES,0,,
MPSTD,DX_OP_07_10,OP DXs from MPCD 2007-2010 Demographic & Diagnosis Files,,DX,2,5,9,Diagnosis Code,,0,0,,0,0,0,55,175611046,SPDE,01DEC16:11:40:56,01DEC16:11:40:56,0,NONE,DATA,2,---,---,CHAR,NO,1,15,ANSI,,YES,NO,NO,YES,0,,
MPSTD,DX_OP_07_10,OP DXs from MPCD 2007-2010 Demographic & Diagnosis Files,,DX_TYPE,2,2,11,Diagnosis Code Type,,0,0,,0,0,0,61,175611046,SPDE,01DEC16:11:40:56,01DEC16:11:40:56,0,NONE,DATA,2,---,---,CHAR,NO,1,16,ANSI,,YES,NO,NO,YES,0,,
MPSTD,DX_OP_07_10,OP DXs from MPCD 2007-2010 Demographic & Diagnosis Files,,ENCOUNTERID,2,15,2,Encounter ID,,0,0,,0,0,0,36,175611046,SPDE,01DEC16:11:40:56,01DEC16:11:40:56,0,NONE,DATA,2,---,---,CHAR,NO,1,2,ANSI,,YES,NO,NO,YES,0,,
MPSTD,DX_OP_07_10,OP DXs from MPCD 2007-2010 Demographic & Diagnosis Files,,ENC_TYPE,2,2,3,Encounter Type,,0,0,,0,0,0,51,175611046,SPDE,01DEC16:11:40:56,01DEC16:11:40:56,0,NONE,DATA,2,---,---,CHAR,NO,1,3,ANSI,,YES,NO,NO,YES,0,,
MPSTD,DX_OP_07_10,OP DXs from MPCD 2007-2010 Demographic & Diagnosis Files,,END_DATE,1,4,8,Ending Date of Service,MMDDYY,10,0,,0,0,0,12,175611046,SPDE,01DEC16:11:40:56,01DEC16:11:40:56,0,NONE,DATA,2,---,---,CHAR,NO,1,13,ANSI,,YES,NO,NO,YES,0,,
MPSTD,DX_OP_07_10,OP DXs from MPCD 2007-2010 Demographic & Diagnosis Files,,FACILITY_ID,2,16,15,Facility ID,,0,0,,0,0,0,86,175611046,SPDE,01DEC16:11:40:56,01DEC16:11:40:56,0,NONE,DATA,2,---,---,CHAR,NO,1,7,ANSI,,YES,NO,NO,YES,0,,
MPSTD,DX_OP_07_10,OP DXs from MPCD 2007-2010 Demographic & Diagnosis Files,,FACILITY_TYPE,2,3,16,Place of Service,$FACILITY_MPCD,0,0,,0,0,0,102,175611046,SPDE,01DEC16:11:40:56,01DEC16:11:40:56,0,NONE,DATA,2,---,---,CHAR,NO,1,8,ANSI,,YES,NO,NO,YES,0,,
MPSTD,DX_OP_07_10,OP DXs from MPCD 2007-2010 Demographic & Diagnosis Files,,PATID,2,20,1,Unique Patient Identification Number,,0,0,,0,0,0,16,175611046,SPDE,01DEC16:11:40:56,01DEC16:11:40:56,0,SIMPLE,DATA,2,---,---,CHAR,NO,1,1,ANSI,,YES,NO,NO,YES,0,,
MPSTD,DX_OP_07_10,OP DXs from MPCD 2007-2010 Demographic & Diagnosis Files,,PDX,2,1,10,Primary Diagnosis,,0,0,,0,0,0,60,175611046,SPDE,01DEC16:11:40:56,01DEC16:11:40:56,0,NONE,DATA,2,---,---,CHAR,NO,1,-14,ANSI,,YES,NO,NO,YES,0,,
MPSTD,DX_OP_07_10,OP DXs from MPCD 2007-2010 Demographic & Diagnosis Files,,PROV_ID,2,16,12,Provider ID,,0,0,,0,0,0,63,175611046,SPDE,01DEC16:11:40:56,01DEC16:11:40:56,0,NONE,DATA,2,---,---,CHAR,NO,1,4,ANSI,,YES,NO,NO,YES,0,,
MPSTD,DX_OP_07_10,OP DXs from MPCD 2007-2010 Demographic & Diagnosis Files,,PROV_ID_TYPE,2,4,13,Provider ID Type,,0,0,,0,0,0,79,175611046,SPDE,01DEC16:11:40:56,01DEC16:11:40:56,0,NONE,DATA,2,---,---,CHAR,NO,1,5,ANSI,,YES,NO,NO,YES,0,,
MPSTD,DX_OP_07_10,OP DXs from MPCD 2007-2010 Demographic & Diagnosis Files,,PROV_TYPE,2,3,14,Provider Type,$PROVIDER_MPCD,0,0,,0,0,0,83,175611046,SPDE,01DEC16:11:40:56,01DEC16:11:40:56,0,NONE,DATA,2,---,---,CHAR,NO,1,6,ANSI,,YES,NO,NO,YES,0,,
MPSTD,DX_OP_07_10,OP DXs from MPCD 2007-2010 Demographic & Diagnosis Files,,SOURCE,2,5,18,Data Source from the Original File,,0,0,,0,0,0,110,175611046,SPDE,01DEC16:11:40:56,01DEC16:11:40:56,0,NONE,DATA,2,---,---,CHAR,NO,1,17,ANSI,,YES,NO,NO,YES,0,,
MPSTD,ENROLL,Compressed Enrollment of All Years from MPCD Enrollment files for UCB Project,,CHART,2,1,7,Are You Able to Request(or Review) Charts for This Person,,0,0,,0,0,0,35,1726093,SPDE,09APR17:14:07:06,09APR17:14:07:06,0,NONE,DATA,2,---,---,BINARY,NO,1,7,ANSI,,NO,YES,NO,YES,0,,
MPSTD,ENROLL,Compressed Enrollment of All Years from MPCD Enrollment files for UCB Project,,ENR_BASIS,2,1,8,The Basis on Which the Complete Capture is Asserted,$ENR_BASIS,0,0,,0,0,0,36,1726093,SPDE,09APR17:14:07:06,09APR17:14:07:06,0,NONE,DATA,2,---,---,BINARY,NO,1,8,ANSI,,NO,YES,NO,YES,0,,
MPSTD,ENROLL,Compressed Enrollment of All Years from MPCD Enrollment files for UCB Project,,ENR_END_DATE,1,4,6,Date of the End of the Continuous Enrollment Period,MMDDYY,10,0,,0,0,0,4,1726093,SPDE,09APR17:14:07:06,09APR17:14:07:06,0,NONE,DATA,2,---,---,BINARY,NO,1,4,ANSI,,NO,YES,NO,YES,0,,
MPSTD,ENROLL,Compressed Enrollment of All Years from MPCD Enrollment files for UCB Project,,ENR_START_DATE,1,4,5,Date of the Beginning of Continuous Enrollment Period,MMDDYY,10,0,,0,0,0,0,1726093,SPDE,09APR17:14:07:06,09APR17:14:07:06,0,SIMPLE,DATA,2,---,---,BINARY,NO,1,3,ANSI,,NO,YES,NO,YES,0,,
MPSTD,ENROLL,Compressed Enrollment of All Years from MPCD Enrollment files for UCB Project,,Medical,2,1,2,,,0,0,,0,0,0,28,1726093,SPDE,09APR17:14:07:06,09APR17:14:07:06,0,NONE,DATA,2,---,---,BINARY,NO,1,5,ANSI,,NO,YES,NO,YES,0,,
MPSTD,ENROLL,Compressed Enrollment of All Years from MPCD Enrollment files for UCB Project,,PATID,2,20,1,Unique Patient Identification Number,,0,0,,0,0,0,8,1726093,SPDE,09APR17:14:07:06,09APR17:14:07:06,0,SIMPLE,DATA,2,---,---,BINARY,NO,1,2,ANSI,,NO,YES,NO,YES,0,,
MPSTD,ENROLL,Compressed Enrollment of All Years from MPCD Enrollment files for UCB Project,,Pharmacy,2,1,3,,,0,0,,0,0,0,29,1726093,SPDE,09APR17:14:07:06,09APR17:14:07:06,0,NONE,DATA,2,---,---,BINARY,NO,1,6,ANSI,,NO,YES,NO,YES,0,,
MPSTD,ENROLL,Compressed Enrollment of All Years from MPCD Enrollment files for UCB Project,,Source,2,5,4,Data Source from the Original File,,0,0,,0,0,0,30,1726093,SPDE,09APR17:14:07:06,09APR17:14:07:06,0,NONE,DATA,2,---,---,BINARY,NO,1,1,ANSI,,NO,YES,NO,YES,0,,
MPSTD,ENROLL_FX,Compressed Enrollment of All Years from MPCD Enrollment files,,CHART,2,1,7,Are You Able to Request(or Review) Charts for This Person,,0,0,,0,0,2,35,640171,SPDE,17JAN17:19:10:19,21FEB17:18:01:06,0,NONE,DATA,2,---,---,CHAR,NO,1,7,ANSI,,NO,YES,NO,YES,0,,
MPSTD,ENROLL_FX,Compressed Enrollment of All Years from MPCD Enrollment files,,ENR_BASIS,2,1,8,The Basis on Which the Complete Capture is Asserted,,0,0,,0,0,2,36,640171,SPDE,17JAN17:19:10:19,21FEB17:18:01:06,0,NONE,DATA,2,---,---,CHAR,NO,1,8,ANSI,,NO,YES,NO,YES,0,,
MPSTD,ENROLL_FX,Compressed Enrollment of All Years from MPCD Enrollment files,,ENR_END_DATE,1,4,6,Date of the End of the Continuous Enrollment Period,MMDDYY,10,0,,0,0,0,4,640171,SPDE,17JAN17:19:10:19,21FEB17:18:01:06,0,NONE,DATA,2,---,---,CHAR,NO,1,4,ANSI,,NO,YES,NO,YES,0,,
MPSTD,ENROLL_FX,Compressed Enrollment of All Years from MPCD Enrollment files,,ENR_START_DATE,1,4,5,Date of the Beginning of Continuous Enrollment Period,MMDDYY,10,0,,0,0,0,0,640171,SPDE,17JAN17:19:10:19,21FEB17:18:01:06,0,SIMPLE,DATA,2,---,---,CHAR,NO,1,3,ANSI,,NO,YES,NO,YES,0,,
MPSTD,ENROLL_FX,Compressed Enrollment of All Years from MPCD Enrollment files,,Medical,2,1,2,,,0,0,,0,0,2,28,640171,SPDE,17JAN17:19:10:19,21FEB17:18:01:06,0,NONE,DATA,2,---,---,CHAR,NO,1,5,ANSI,,NO,YES,NO,YES,0,,
MPSTD,ENROLL_FX,Compressed Enrollment of All Years from MPCD Enrollment files,,PATID,2,20,1,Unique Patient Identification Number,,0,0,,0,0,2,8,640171,SPDE,17JAN17:19:10:19,21FEB17:18:01:06,0,SIMPLE,DATA,2,---,---,CHAR,NO,1,2,ANSI,,NO,YES,NO,YES,0,,
MPSTD,ENROLL_FX,Compressed Enrollment of All Years from MPCD Enrollment files,,Pharmacy,2,1,3,,,0,0,,0,0,2,29,640171,SPDE,17JAN17:19:10:19,21FEB17:18:01:06,0,NONE,DATA,2,---,---,CHAR,NO,1,6,ANSI,,NO,YES,NO,YES,0,,
MPSTD,ENROLL_FX,Compressed Enrollment of All Years from MPCD Enrollment files,,Source,2,5,4,Data Source from the Original File,,0,0,,0,0,2,30,640171,SPDE,17JAN17:19:10:19,21FEB17:18:01:06,0,NONE,DATA,2,---,---,CHAR,NO,1,1,ANSI,,NO,YES,NO,YES,0,,
MPSTD,FULL_FDB_NDC,,,BN,2,30,4,BN,$,30,0,$,30,0,0,153,475099,SPDE,06APR17:11:06:50,06APR17:11:06:50,0,NONE,DATA,0,---,---,CHAR,NO,1,,ANSI,,NO,NO,NO,YES,0,,
MPSTD,FULL_FDB_NDC,,,ETC_HIERARCHY_LEVEL,1,8,17,ETC_HIERARCHY_LEVEL,,3,0,,3,0,0,16,475099,SPDE,06APR17:11:06:50,06APR17:11:06:50,0,NONE,DATA,0,---,---,CHAR,NO,1,,ANSI,,NO,NO,NO,YES,0,,
MPSTD,FULL_FDB_NDC,,,ETC_ID,1,8,16,ETC_ID,,9,0,,9,0,0,8,475099,SPDE,06APR17:11:06:50,06APR17:11:06:50,0,NONE,DATA,0,---,---,CHAR,NO,1,,ANSI,,NO,NO,NO,YES,0,,
MPSTD,FULL_FDB_NDC,,,ETC_NAME,2,70,2,ETC_NAME,$,70,0,$,70,0,0,72,475099,SPDE,06APR17:11:06:50,06APR17:11:06:50,0,NONE,DATA,0,---,---,CHAR,NO,1,,ANSI,,NO,NO,NO,YES,0,,
MPSTD,FULL_FDB_NDC,,,ETC_PARENT_ETC_ID,1,8,19,ETC_PARENT_ETC_ID,,9,0,,9,0,0,32,475099,SPDE,06APR17:11:06:50,06APR17:11:06:50,0,NONE,DATA,0,---,---,CHAR,NO,1,,ANSI,,NO,NO,NO,YES,0,,
MPSTD,FULL_FDB_NDC,,,ETC_ULTIMATE_CHILD_IND,2,1,20,ETC_ULTIMATE_CHILD_IND,$,1,0,$,1,0,0,643,475099,SPDE,06APR17:11:06:50,06APR17:11:06:50,0,NONE,DATA,0,---,---,CHAR,NO,1,,ANSI,,NO,NO,NO,YES,0,,
MPSTD,FULL_FDB_NDC,,,ETC_ULTIMATE_PARENT_ETC_ID,1,8,18,ETC_ULTIMATE_PARENT_ETC_ID,,9,0,,9,0,0,24,475099,SPDE,06APR17:11:06:50,06APR17:11:06:50,0,NONE,DATA,0,---,---,CHAR,NO,1,,ANSI,,NO,NO,NO,YES,0,,
MPSTD,FULL_FDB_NDC,,,GCN,1,8,21,GCN,,6,0,,6,0,0,40,475099,SPDE,06APR17:11:06:50,06APR17:11:06:50,0,NONE,DATA,0,---,---,CHAR,NO,1,,ANSI,,NO,NO,NO,YES,0,,
MPSTD,FULL_FDB_NDC,,,GCN_SEQNO,1,8,1,GCN_SEQNO,,7,0,,7,0,0,0,475099,SPDE,06APR17:11:06:50,06APR17:11:06:50,0,NONE,DATA,0,---,---,CHAR,NO,1,,ANSI,,NO,NO,NO,YES,0,,
MPSTD,FULL_FDB_NDC,,,GCRT,2,1,22,GCRT,$,1,0,$,1,0,0,644,475099,SPDE,06APR17:11:06:50,06APR17:11:06:50,0,NONE,DATA,0,---,---,CHAR,NO,1,,ANSI,,NO,NO,NO,YES,0,,
MPSTD,FULL_FDB_NDC,,,GCRT_DESC,2,40,15,GCRT_DESC,$,40,0,$,40,0,0,603,475099,SPDE,06APR17:11:06:50,06APR17:11:06:50,0,NONE,DATA,0,---,---,CHAR,NO,1,,ANSI,,NO,NO,NO,YES,0,,
MPSTD,FULL_FDB_NDC,,,GNN,2,30,8,GNN,$,30,0,$,30,0,0,298,475099,SPDE,06APR17:11:06:50,06APR17:11:06:50,0,NONE,DATA,0,---,---,CHAR,NO,1,,ANSI,,NO,NO,NO,YES,0,,
MPSTD,FULL_FDB_NDC,,,GNN60,2,60,9,GNN60,$,60,0,$,60,0,0,328,475099,SPDE,06APR17:11:06:50,06APR17:11:06:50,0,NONE,DATA,0,---,---,CHAR,NO,1,,ANSI,,NO,NO,NO,YES,0,,
MPSTD,FULL_FDB_NDC,,,HIC3,2,3,24,HIC3,$,3,0,$,3,0,0,645,475099,SPDE,06APR17:11:06:50,06APR17:11:06:50,0,NONE,DATA,0,---,---,CHAR,NO,1,,ANSI,,NO,NO,NO,YES,0,,
MPSTD,FULL_FDB_NDC,,,HIC3_SEQN,1,8,25,HIC3_SEQN,,7,0,,7,0,0,56,475099,SPDE,06APR17:11:06:50,06APR17:11:06:50,0,NONE,DATA,0,---,---,CHAR,NO,1,,ANSI,,NO,NO,NO,YES,0,,
MPSTD,FULL_FDB_NDC,,,HICL_SEQNO,1,8,23,HICL_SEQNO,,7,0,,7,0,0,48,475099,SPDE,06APR17:11:06:50,06APR17:11:06:50,0,NONE,DATA,0,---,---,CHAR,NO,1,,ANSI,,NO,NO,NO,YES,0,,
MPSTD,FULL_FDB_NDC,,,LN,2,30,5,LN,$,30,0,$,30,0,0,183,475099,SPDE,06APR17:11:06:50,06APR17:11:06:50,0,NONE,DATA,0,---,---,CHAR,NO,1,,ANSI,,NO,NO,NO,YES,0,,
MPSTD,FULL_FDB_NDC,,,LN25,2,25,6,LN25,$,25,0,$,25,0,0,213,475099,SPDE,06APR17:11:06:50,06APR17:11:06:50,0,NONE,DATA,0,---,---,CHAR,NO,1,,ANSI,,NO,NO,NO,YES,0,,
MPSTD,FULL_FDB_NDC,,,LN60,2,60,7,LN60,$,60,0,$,60,0,0,238,475099,SPDE,06APR17:11:06:50,06APR17:11:06:50,0,NONE,DATA,0,---,---,CHAR,NO,1,,ANSI,,NO,NO,NO,YES,0,,
MPSTD,FULL_FDB_NDC,,,NDC,2,11,3,NDC,$,11,0,$,11,0,0,142,475099,SPDE,06APR17:11:06:50,06APR17:11:06:50,0,NONE,DATA,0,---,---,CHAR,NO,1,1,ANSI,,NO,NO,NO,YES,0,,
MPSTD,FULL_FDB_NDC,,,Package_Description,2,10,10,PD,$,10,0,$,10,0,0,388,475099,SPDE,06APR17:11:06:50,06APR17:11:06:50,0,NONE,DATA,0,---,---,CHAR,NO,1,,ANSI,,NO,NO,NO,YES,0,,
MPSTD,FULL_FDB_NDC,,,RT,2,10,14,RT,$,10,0,$,10,0,0,593,475099,SPDE,06APR17:11:06:50,06APR17:11:06:50,0,NONE,DATA,0,---,---,CHAR,NO,1,,ANSI,,NO,NO,NO,YES,0,,
MPSTD,FULL_FDB_NDC,,,STR,2,10,12,STR,$,10,0,$,10,0,0,523,475099,SPDE,06APR17:11:06:50,06APR17:11:06:50,0,NONE,DATA,0,---,---,CHAR,NO,1,,ANSI,,NO,NO,NO,YES,0,,
MPSTD,FULL_FDB_NDC,,,STR60,2,60,13,STR60,$,60,0,$,60,0,0,533,475099,SPDE,06APR17:11:06:50,06APR17:11:06:50,0,NONE,DATA,0,---,---,CHAR,NO,1,,ANSI,,NO,NO,NO,YES,0,,
MPSTD,FULL_FDB_NDC,,,TC,1,8,26,TC,,3,0,,3,0,0,64,475099,SPDE,06APR17:11:06:50,06APR17:11:06:50,0,NONE,DATA,0,---,---,CHAR,NO,1,,ANSI,,NO,NO,NO,YES,0,,
MPSTD,FULL_FDB_NDC,,,TRADENAME,2,125,11,TRADENAME,$,125,0,$,125,0,0,398,475099,SPDE,06APR17:11:06:50,06APR17:11:06:50,0,NONE,DATA,0,---,---,CHAR,NO,1,,ANSI,,NO,NO,NO,YES,0,,
MPSTD,LAB_07_10,Labs from MPCD 2007-2010 Demographics Files,,ABN_IND,2,1,14,Abnormal Result Indicator,$ABN_IND,0,0,,0,0,0,132,59183704,SPDE,01DEC16:17:29:06,01DEC16:17:29:06,0,NONE,DATA,2,---,---,CHAR,NO,1,13,ANSI,,YES,NO,NO,YES,0,,
MPSTD,LAB_07_10,Labs from MPCD 2007-2010 Demographics Files,,AGE,2,5,20,MPCD Age Group(in 5 years) When Claim Submitted,,0,0,,0,0,0,163,59183704,SPDE,01DEC16:17:29:06,01DEC16:17:29:06,0,NONE,DATA,2,---,---,CHAR,NO,1,19,ANSI,,YES,NO,NO,YES,0,,
MPSTD,LAB_07_10,Labs from MPCD 2007-2010 Demographics Files,,ENCOUNTERID,2,15,2,Encounter ID,,0,0,,0,0,0,56,59183704,SPDE,01DEC16:17:29:06,01DEC16:17:29:06,0,NONE,DATA,2,---,---,CHAR,NO,1,2,ANSI,,YES,NO,NO,YES,0,,
MPSTD,LAB_07_10,Labs from MPCD 2007-2010 Demographics Files,,FACILITY_ID,2,10,18,Facility ID,,0,0,,0,0,0,150,59183704,SPDE,01DEC16:17:29:06,01DEC16:17:29:06,0,NONE,DATA,2,---,---,CHAR,NO,1,17,ANSI,,YES,NO,NO,YES,0,,
MPSTD,LAB_07_10,Labs from MPCD 2007-2010 Demographics Files,,FACILITY_TYPE,2,3,19,Place of Service,$FACILITY_MPCD,0,0,,0,0,0,160,59183704,SPDE,01DEC16:17:29:06,01DEC16:17:29:06,0,NONE,DATA,2,---,---,CHAR,NO,1,18,ANSI,,YES,NO,NO,YES,0,,
MPSTD,LAB_07_10,Labs from MPCD 2007-2010 Demographics Files,,LAB_LOINC,2,10,4,"Logical Observation Identifiers, Names, and Codes; Laboratory Test Identifier",,0,0,,0,0,0,76,59183704,SPDE,01DEC16:17:29:06,01DEC16:17:29:06,0,NONE,DATA,2,---,---,CHAR,NO,1,4,ANSI,,YES,NO,NO,YES,0,,
MPSTD,LAB_07_10,Labs from MPCD 2007-2010 Demographics Files,,LAB_PX,2,11,5,Procedure Code Used to Identify the Originating Order for the Lab Test,,0,0,,0,0,0,86,59183704,SPDE,01DEC16:17:29:06,01DEC16:17:29:06,0,NONE,DATA,2,---,---,CHAR,NO,1,5,ANSI,,YES,NO,NO,YES,0,,
MPSTD,LAB_07_10,Labs from MPCD 2007-2010 Demographics Files,,LAB_PX_TYPE,2,2,6,Procedure Code Type,,0,0,,0,0,0,97,59183704,SPDE,01DEC16:17:29:06,01DEC16:17:29:06,0,NONE,DATA,2,---,---,CHAR,NO,1,6,ANSI,,YES,NO,NO,YES,0,,
MPSTD,LAB_07_10,Labs from MPCD 2007-2010 Demographics Files,,NORM_RANGE_HIGH,1,8,13,Upper Bound of the Normal Range Assigned by the Laboratory,,0,0,,0,0,0,24,59183704,SPDE,01DEC16:17:29:06,01DEC16:17:29:06,0,NONE,DATA,2,---,---,CHAR,NO,1,12,ANSI,,YES,NO,NO,YES,0,,
MPSTD,LAB_07_10,Labs from MPCD 2007-2010 Demographics Files,,NORM_RANGE_LOW,1,8,12,Lower Bound of the Normal Range Assigned by the Laboratory,,0,0,,0,0,0,16,59183704,SPDE,01DEC16:17:29:06,01DEC16:17:29:06,0,NONE,DATA,2,---,---,CHAR,NO,1,11,ANSI,,YES,NO,NO,YES,0,,
MPSTD,LAB_07_10,Labs from MPCD 2007-2010 Demographics Files,,PATID,2,20,1,Unique Patient Identification Number,,0,0,,0,0,0,36,59183704,SPDE,01DEC16:17:29:06,01DEC16:17:29:06,0,SIMPLE,DATA,2,---,---,CHAR,NO,1,1,ANSI,,YES,NO,NO,YES,0,,
MPSTD,LAB_07_10,Labs from MPCD 2007-2010 Demographics Files,,PROV_ID,2,10,15,Provider ID,,0,0,,0,0,0,133,59183704,SPDE,01DEC16:17:29:06,01DEC16:17:29:06,0,NONE,DATA,2,---,---,CHAR,NO,1,14,ANSI,,YES,NO,NO,YES,0,,
MPSTD,LAB_07_10,Labs from MPCD 2007-2010 Demographics Files,,PROV_ID_TYPE,2,4,16,Provider ID Type,,0,0,,0,0,0,143,59183704,SPDE,01DEC16:17:29:06,01DEC16:17:29:06,0,NONE,DATA,2,---,---,CHAR,NO,1,15,ANSI,,YES,NO,NO,YES,0,,
MPSTD,LAB_07_10,Labs from MPCD 2007-2010 Demographics Files,,PROV_TYPE,2,3,17,Provider Type,$PROVIDER_MPCD,0,0,,0,0,0,147,59183704,SPDE,01DEC16:17:29:06,01DEC16:17:29:06,0,NONE,DATA,2,---,---,CHAR,NO,1,16,ANSI,,YES,NO,NO,YES,0,,
MPSTD,LAB_07_10,Labs from MPCD 2007-2010 Demographics Files,,RESULT_DATE,1,4,7,Result Date,MMDDYY,10,0,,0,0,0,32,59183704,SPDE,01DEC16:17:29:06,01DEC16:17:29:06,0,SIMPLE,DATA,2,---,---,CHAR,NO,1,3,ANSI,,YES,NO,NO,YES,0,,
MPSTD,LAB_07_10,Labs from MPCD 2007-2010 Demographics Files,,RESULT_NUM,1,8,9,Quantitative Result,BEST,12,0,,0,0,0,8,59183704,SPDE,01DEC16:17:29:06,01DEC16:17:29:06,0,NONE,DATA,2,---,---,CHAR,NO,1,8,ANSI,,YES,NO,NO,YES,0,,
MPSTD,LAB_07_10,Labs from MPCD 2007-2010 Demographics Files,,RESULT_QUAL,2,3,11,Lab Result Category Code/Qualitative Result,,0,0,,0,0,0,129,59183704,SPDE,01DEC16:17:29:06,01DEC16:17:29:06,0,NONE,DATA,2,---,---,CHAR,NO,1,10,ANSI,,YES,NO,NO,YES,0,,
MPSTD,LAB_07_10,Labs from MPCD 2007-2010 Demographics Files,,RESULT_TIME,1,8,8,Result Time,,0,0,,0,0,0,0,59183704,SPDE,01DEC16:17:29:06,01DEC16:17:29:06,0,NONE,DATA,2,---,---,CHAR,NO,1,7,ANSI,,YES,NO,NO,YES,0,,
MPSTD,LAB_07_10,Labs from MPCD 2007-2010 Demographics Files,,RESULT_UNIT,2,30,10,Units for Quantitative Result,,0,0,,0,0,0,99,59183704,SPDE,01DEC16:17:29:06,01DEC16:17:29:06,0,NONE,DATA,2,---,---,CHAR,NO,1,9,ANSI,,YES,NO,NO,YES,0,,
MPSTD,LAB_07_10,Labs from MPCD 2007-2010 Demographics Files,,SOURCE,2,5,3,Source of Data,,0,0,,0,0,0,71,59183704,SPDE,01DEC16:17:29:06,01DEC16:17:29:06,0,NONE,DATA,2,---,---,CHAR,NO,1,20,ANSI,,YES,NO,NO,YES,0,,
MPSTD,PX_07_10,,,ADMIT_DATE,1,4,4,Admission Date,MMDDYY,10,0,,0,0,0,8,346484578,SPDE,10APR17:13:23:20,10APR17:13:23:20,0,NONE,DATA,0,---,---,BINARY,NO,,,,,NO,NO,NO,YES,0,,
MPSTD,PX_07_10,,,AGE,2,5,16,,,0,0,,0,0,0,105,346484578,SPDE,10APR17:13:23:20,10APR17:13:23:20,0,NONE,DATA,0,---,---,BINARY,NO,,,,,NO,NO,NO,YES,0,,
MPSTD,PX_07_10,,,BEGIN_DATE,1,4,6,Beginning Date of Service,MMDDYY,10,0,,0,0,0,16,346484578,SPDE,10APR17:13:23:20,10APR17:13:23:20,0,NONE,DATA,0,---,---,BINARY,NO,,,,,NO,NO,NO,YES,0,,
MPSTD,PX_07_10,,,DISCHARGE_DATE,1,4,5,Discharge Date,MMDDYY,10,0,,0,0,0,12,346484578,SPDE,10APR17:13:23:20,10APR17:13:23:20,0,NONE,DATA,0,---,---,BINARY,NO,,,,,NO,NO,NO,YES,0,,
MPSTD,PX_07_10,,,ENCOUNTERID,2,15,3,Encounter ID,,0,0,,0,0,0,57,346484578,SPDE,10APR17:13:23:20,10APR17:13:23:20,0,NONE,DATA,0,---,---,BINARY,NO,,,,,NO,NO,NO,YES,0,,
MPSTD,PX_07_10,,,END_DATE,1,4,7,Ending Date of Service,MMDDYY,10,0,,0,0,0,20,346484578,SPDE,10APR17:13:23:20,10APR17:13:23:20,0,NONE,DATA,0,---,---,BINARY,NO,,,,,NO,NO,NO,YES,0,,
MPSTD,PX_07_10,,,FACILITY_ID,2,16,14,Facility ID,,0,0,,0,0,0,86,346484578,SPDE,10APR17:13:23:20,10APR17:13:23:20,0,NONE,DATA,0,---,---,BINARY,NO,,,,,NO,NO,NO,YES,0,,
MPSTD,PX_07_10,,,FACILITY_TYPE,2,3,15,Place of Service,$FACILITY_MPCD,0,0,,0,0,0,102,346484578,SPDE,10APR17:13:23:20,10APR17:13:23:20,0,NONE,DATA,0,---,---,BINARY,NO,,,,,NO,NO,NO,YES,0,,
MPSTD,PX_07_10,,,PATID,2,20,1,Unique Patient Identification Number,,0,0,,0,0,0,32,346484578,SPDE,10APR17:13:23:20,10APR17:13:23:20,0,NONE,DATA,0,---,---,BINARY,NO,,,,,NO,NO,NO,YES,0,,
MPSTD,PX_07_10,,,PPX,2,1,11,Primary Procedure,,0,0,,0,0,0,85,346484578,SPDE,10APR17:13:23:20,10APR17:13:23:20,0,NONE,DATA,0,---,---,BINARY,NO,,,,,NO,NO,NO,YES,0,,
MPSTD,PX_07_10,,,PX,2,11,10,Procedure Code,,0,0,,0,0,0,74,346484578,SPDE,10APR17:13:23:20,10APR17:13:23:20,0,NONE,DATA,0,---,---,BINARY,NO,,,,,NO,NO,NO,YES,0,,
MPSTD,PX_07_10,,,PX_AMT,1,4,12,Count of Procedure Performed,BEST,12,0,,0,0,0,28,346484578,SPDE,10APR17:13:23:20,10APR17:13:23:20,0,NONE,DATA,0,---,---,BINARY,NO,,,,,NO,NO,NO,YES,0,,
MPSTD,PX_07_10,,,PX_DATE,1,4,8,Procedure Date,MMDDYY,10,0,,0,0,0,24,346484578,SPDE,10APR17:13:23:20,10APR17:13:23:20,0,NONE,DATA,0,---,---,BINARY,NO,,,,,NO,NO,NO,YES,0,,
MPSTD,PX_07_10,,,PX_PAID,1,8,13,Procedure Paid Amount,BEST,12,0,,0,0,0,0,346484578,SPDE,10APR17:13:23:20,10APR17:13:23:20,0,NONE,DATA,0,---,---,BINARY,NO,,,,,NO,NO,NO,YES,0,,
MPSTD,PX_07_10,,,PX_TYPE,2,2,9,Procedure Code Type,,0,0,,0,0,0,72,346484578,SPDE,10APR17:13:23:20,10APR17:13:23:20,0,NONE,DATA,0,---,---,BINARY,NO,,,,,NO,NO,NO,YES,0,,
MPSTD,PX_07_10,,,SOURCE,2,5,2,Data Source,,0,0,,0,0,0,52,346484578,SPDE,10APR17:13:23:20,10APR17:13:23:20,0,NONE,DATA,0,---,---,BINARY,NO,,,,,NO,NO,NO,YES,0,,
MPSTD,RX_07_10,,,AGE,2,5,15,,,0,0,,0,0,0,211,153423631,SPDE,10APR17:13:29:02,10APR17:13:29:02,0,NONE,DATA,0,---,---,BINARY,NO,,,,,NO,NO,NO,YES,0,,
MPSTD,RX_07_10,,,AMT_UNIT,2,10,11,"The Units(such as MG, MCG etc) for Dispensed Quantity (MPCD Special)",,0,0,,0,0,0,161,153423631,SPDE,10APR17:13:29:02,10APR17:13:29:02,0,NONE,DATA,0,---,---,BINARY,NO,,,,,NO,NO,NO,YES,0,,
MPSTD,RX_07_10,,,DISPENSE_AMT,1,8,10,"Number of Units (pills, tablets, vials) Dispensed",,0,0,,0,0,0,8,153423631,SPDE,10APR17:13:29:02,10APR17:13:29:02,0,NONE,DATA,0,---,---,BINARY,NO,,,,,NO,NO,NO,YES,0,,
MPSTD,RX_07_10,,,DISPENSE_DATE,1,4,4,Dispensing Date,MMDDYY,10,0,,0,0,0,16,153423631,SPDE,10APR17:13:29:02,10APR17:13:29:02,0,NONE,DATA,0,---,---,BINARY,NO,,,,,NO,NO,NO,YES,0,,
MPSTD,RX_07_10,,,DISPENSE_SUP,1,8,9,Days Supply,,0,0,,0,0,0,0,153423631,SPDE,10APR17:13:29:02,10APR17:13:29:02,0,NONE,DATA,0,---,---,BINARY,NO,,,,,NO,NO,NO,YES,0,,
MPSTD,RX_07_10,,,ENCOUNTERID,2,15,2,Encounter ID,,0,0,,0,0,0,40,153423631,SPDE,10APR17:13:29:02,10APR17:13:29:02,0,NONE,DATA,0,---,---,BINARY,NO,,,,,NO,NO,NO,YES,0,,
MPSTD,RX_07_10,,,GNN,2,50,6,Generic Name,$,30,0,$,30,0,0,71,153423631,SPDE,10APR17:13:29:02,10APR17:13:29:02,0,NONE,DATA,0,---,---,BINARY,NO,,,,,NO,NO,NO,YES,0,,
MPSTD,RX_07_10,,,NDC,2,11,5,National Drug Code,$,11,0,$,11,0,0,60,153423631,SPDE,10APR17:13:29:02,10APR17:13:29:02,0,NONE,DATA,0,---,---,BINARY,NO,,,,,NO,NO,NO,YES,0,,
MPSTD,RX_07_10,,,PATID,2,20,1,Unique Patient Identification Number,,0,0,,0,0,0,20,153423631,SPDE,10APR17:13:29:02,10APR17:13:29:02,0,NONE,DATA,0,---,---,BINARY,NO,,,,,NO,NO,NO,YES,0,,
MPSTD,RX_07_10,,,PHARMACY_ID,2,16,14,Pharmacy ID,,0,0,,0,0,0,195,153423631,SPDE,10APR17:13:29:02,10APR17:13:29:02,0,NONE,DATA,0,---,---,BINARY,NO,,,,,NO,NO,NO,YES,0,,
MPSTD,RX_07_10,,,PRESCRBER_ID,2,20,12,Prescriber ID,,0,0,,0,0,0,171,153423631,SPDE,10APR17:13:29:02,10APR17:13:29:02,0,NONE,DATA,0,---,---,BINARY,NO,,,,,NO,NO,NO,YES,0,,
MPSTD,RX_07_10,,,PRESCRBER_ID_TYPE,2,4,13,Prescriber ID Type,,0,0,,0,0,0,191,153423631,SPDE,10APR17:13:29:02,10APR17:13:29:02,0,NONE,DATA,0,---,---,BINARY,NO,,,,,NO,NO,NO,YES,0,,
MPSTD,RX_07_10,,,ROUTE,2,10,8,Route,,0,0,,0,0,0,151,153423631,SPDE,10APR17:13:29:02,10APR17:13:29:02,0,NONE,DATA,0,---,---,BINARY,NO,,,,,NO,NO,NO,YES,0,,
MPSTD,RX_07_10,,,SOURCE,2,5,3,Data Source,,0,0,,0,0,0,55,153423631,SPDE,10APR17:13:29:02,10APR17:13:29:02,0,NONE,DATA,0,---,---,BINARY,NO,,,,,NO,NO,NO,YES,0,,
MPSTD,RX_07_10,,,STRENGTH,2,30,7,Strength,,0,0,,0,0,0,121,153423631,SPDE,10APR17:13:29:02,10APR17:13:29:02,0,NONE,DATA,0,---,---,BINARY,NO,,,,,NO,NO,NO,YES,0,,
