outcomeCategory,disease,model,comparison,database,nTNF,nComparator,HazardRatio,RobustWaldLower,RobustWaldUpper,indValidHR,indSigHR
Cancer,Hematologic Cancer,"0 Unweighted, no covariates","TNF vs DMARD, NSAID, or no exposure",MPCD,727,759,1.003297066,0.8913223778,1.1293388652,1,0
Cancer,Hematologic Cancer,"0 Unweighted, no covariates","TNF vs DMARD, NSAID, or no exposure",Marketscan,3373,3447,0.3549787757,0.1115139628,1.1299924071,1,0
Cancer,Hematologic Cancer,"0 Unweighted, no covariates","TNF vs DMARD, NSAID, or no exposure",Medicare,559,4318,1.7872819879,0.6803082773,4.6954844012,1,0
Cancer,Hematologic Cancer,"a Weighted, no covariates","TNF vs DMARD, NSAID, or no exposure",MPCD,727,759,1.0113018426,0.7006807822,1.4596253285,1,0
Cancer,Hematologic Cancer,"a Weighted, no covariates","TNF vs DMARD, NSAID, or no exposure",Marketscan,3373,3447,0.4191678675,0.1234854523,1.4228534438,1,0
Cancer,Hematologic Cancer,"a Weighted, no covariates","TNF vs DMARD, NSAID, or no exposure",Medicare,559,4318,1.4525535943,0.3009664251,7.0104562114,1,0
Cancer,Hematologic Cancer,"b Weighted, covariates (6-month daily steroid dose)","TNF vs DMARD, NSAID, or no exposure",MPCD,727,759,1.211487412,0.8162068984,1.7981981679,1,0
Cancer,Hematologic Cancer,"b Weighted, covariates (6-month daily steroid dose)","TNF vs DMARD, NSAID, or no exposure",Marketscan,3373,3447,0.4510908475,0.1319012489,1.5426916299,1,0
Cancer,Hematologic Cancer,"b Weighted, covariates (6-month daily steroid dose)","TNF vs DMARD, NSAID, or no exposure",Medicare,559,4318,1.5049588947,0.2988357503,7.5790840695,1,0
Cancer,Hematologic Cancer,"c Weighted, covariates (sex)","TNF vs DMARD, NSAID, or no exposure",MPCD,727,759,0.999765676,0.7520090791,1.3291480578,1,0
Cancer,Hematologic Cancer,"c Weighted, covariates (sex)","TNF vs DMARD, NSAID, or no exposure",Marketscan,3373,3447,0.3902941146,0.1158584321,1.3147898958,1,0
Cancer,Hematologic Cancer,"c Weighted, covariates (sex)","TNF vs DMARD, NSAID, or no exposure",Medicare,559,4318,1.2249760298,0.2980209076,5.0351040327,1,0
Cancer,Hematologic Cancer,"d Weighted, covariates (indHospInf)","TNF vs DMARD, NSAID, or no exposure",MPCD,727,759,1.0104807356,0.7005780504,1.4574697515,1,0
Cancer,Hematologic Cancer,"d Weighted, covariates (indHospInf)","TNF vs DMARD, NSAID, or no exposure",Marketscan,3373,3447,0.4181423172,0.1232575877,1.4185171133,1,0
Cancer,Hematologic Cancer,"d Weighted, covariates (indHospInf)","TNF vs DMARD, NSAID, or no exposure",Medicare,559,4318,1.4183881321,0.3067303265,6.55893702,1,0
Cancer,Hematologic Cancer,"e Weighted, covariates (6-month daily steroid dose, sex, indHospInf)","TNF vs DMARD, NSAID, or no exposure",MPCD,727,759,1.1699906455,0.7465213216,1.8336758387,1,0
Cancer,Hematologic Cancer,"e Weighted, covariates (6-month daily steroid dose, sex, indHospInf)","TNF vs DMARD, NSAID, or no exposure",Marketscan,3373,3447,0.4111289919,0.1218017346,1.3877228309,1,0
Cancer,Hematologic Cancer,"e Weighted, covariates (6-month daily steroid dose, sex, indHospInf)","TNF vs DMARD, NSAID, or no exposure",Medicare,559,4318,1.2871376889,0.2896662898,5.7194208938,1,0
Cancer,Hematologic Cancer,"f Weighted (stabilized), covariates (6-month daily steroid dose)","TNF vs DMARD, NSAID, or no exposure",MPCD,727,759,1.0795530183,0.6335961126,1.8393968905,1,0
Cancer,Hematologic Cancer,"f Weighted (stabilized), covariates (6-month daily steroid dose)","TNF vs DMARD, NSAID, or no exposure",Marketscan,3373,3447,0.4317425986,0.1286724952,1.44865203,1,0
Cancer,Hematologic Cancer,"f Weighted (stabilized), covariates (6-month daily steroid dose)","TNF vs DMARD, NSAID, or no exposure",Medicare,559,4318,1.4720698568,0.2950408445,7.3447107546,1,0
Cancer,Non Melanoma Skin Cancer,"0 Unweighted, no covariates","TNF vs DMARD, NSAID, or no exposure",MPCD,728,759,2.7197010604,0.7383235586,10.018336503,1,0
Cancer,Non Melanoma Skin Cancer,"0 Unweighted, no covariates","TNF vs DMARD, NSAID, or no exposure",Marketscan,3378,3458,2.6478026892,1.2383490886,5.6614561642,1,1
Cancer,Non Melanoma Skin Cancer,"0 Unweighted, no covariates","TNF vs DMARD, NSAID, or no exposure",Medicare,561,4364,1.9174878232,1.2713975889,2.8919038261,1,1
Cancer,Non Melanoma Skin Cancer,"a Weighted, no covariates","TNF vs DMARD, NSAID, or no exposure",MPCD,728,759,4.1487844163,0.6543546607,26.304408245,1,0
Cancer,Non Melanoma Skin Cancer,"a Weighted, no covariates","TNF vs DMARD, NSAID, or no exposure",Marketscan,3378,3458,3.0076636776,1.345870496,6.7213307854,1,1
Cancer,Non Melanoma Skin Cancer,"a Weighted, no covariates","TNF vs DMARD, NSAID, or no exposure",Medicare,561,4364,1.8627822324,1.0931381936,3.1743083038,1,1
Cancer,Non Melanoma Skin Cancer,"b Weighted, covariates (6-month daily steroid dose)","TNF vs DMARD, NSAID, or no exposure",MPCD,728,759,4.3124467506,0.6519593375,28.525087238,1,0
Cancer,Non Melanoma Skin Cancer,"b Weighted, covariates (6-month daily steroid dose)","TNF vs DMARD, NSAID, or no exposure",Marketscan,3378,3458,3.0536240844,1.3652291481,6.8300768862,1,1
Cancer,Non Melanoma Skin Cancer,"b Weighted, covariates (6-month daily steroid dose)","TNF vs DMARD, NSAID, or no exposure",Medicare,561,4364,1.8899809328,1.1136314015,3.2075495728,1,1
Cancer,Non Melanoma Skin Cancer,"c Weighted, covariates (sex)","TNF vs DMARD, NSAID, or no exposure",MPCD,728,759,4.0586791495,0.6441833455,25.571720464,1,0
Cancer,Non Melanoma Skin Cancer,"c Weighted, covariates (sex)","TNF vs DMARD, NSAID, or no exposure",Marketscan,3378,3458,2.7974086968,1.2515542898,6.2526216247,1,1
Cancer,Non Melanoma Skin Cancer,"c Weighted, covariates (sex)","TNF vs DMARD, NSAID, or no exposure",Medicare,561,4364,1.625628477,0.9637794878,2.7419840103,1,0
Cancer,Non Melanoma Skin Cancer,"d Weighted, covariates (indHospInf)","TNF vs DMARD, NSAID, or no exposure",MPCD,728,759,4.1529347921,0.654983943,26.331740758,1,0
Cancer,Non Melanoma Skin Cancer,"d Weighted, covariates (indHospInf)","TNF vs DMARD, NSAID, or no exposure",Marketscan,3378,3458,3.0215341416,1.3510124003,6.7576497201,1,1
Cancer,Non Melanoma Skin Cancer,"d Weighted, covariates (indHospInf)","TNF vs DMARD, NSAID, or no exposure",Medicare,561,4364,1.892794644,1.0799988523,3.3172920107,1,1
Cancer,Non Melanoma Skin Cancer,"e Weighted, covariates (6-month daily steroid dose, sex, indHospInf)","TNF vs DMARD, NSAID, or no exposure",MPCD,728,759,4.2671408739,0.652208809,27.918192743,1,0
Cancer,Non Melanoma Skin Cancer,"e Weighted, covariates (6-month daily steroid dose, sex, indHospInf)","TNF vs DMARD, NSAID, or no exposure",Marketscan,3378,3458,2.8694982451,1.2813779131,6.4259108062,1,1
Cancer,Non Melanoma Skin Cancer,"e Weighted, covariates (6-month daily steroid dose, sex, indHospInf)","TNF vs DMARD, NSAID, or no exposure",Medicare,561,4364,1.7615377054,1.0006363806,3.1010416446,1,1
Cancer,Non Melanoma Skin Cancer,"f Weighted (stabilized), covariates (6-month daily steroid dose)","TNF vs DMARD, NSAID, or no exposure",MPCD,728,759,4.2391580209,0.6807197688,26.399205003,1,0
Cancer,Non Melanoma Skin Cancer,"f Weighted (stabilized), covariates (6-month daily steroid dose)","TNF vs DMARD, NSAID, or no exposure",Marketscan,3378,3458,3.0085314288,1.3481564439,6.7138063975,1,1
Cancer,Non Melanoma Skin Cancer,"f Weighted (stabilized), covariates (6-month daily steroid dose)","TNF vs DMARD, NSAID, or no exposure",Medicare,561,4364,1.8332910621,1.0656863419,3.1537948704,1,1
Cancer,Solid Cancer,"0 Unweighted, no covariates","TNF vs DMARD, NSAID, or no exposure",MPCD,718,746,0.6550674918,0.2636576306,1.6275402988,1,0
Cancer,Solid Cancer,"0 Unweighted, no covariates","TNF vs DMARD, NSAID, or no exposure",Marketscan,3345,3379,0.9712060944,0.6450735418,1.4622228579,1,0
Cancer,Solid Cancer,"0 Unweighted, no covariates","TNF vs DMARD, NSAID, or no exposure",Medicare,516,3848,1.7801046053,1.2518673319,2.5312365976,1,1
Cancer,Solid Cancer,"a Weighted, no covariates","TNF vs DMARD, NSAID, or no exposure",MPCD,718,746,0.6218166822,0.1752093748,2.2068224756,1,0
Cancer,Solid Cancer,"a Weighted, no covariates","TNF vs DMARD, NSAID, or no exposure",Marketscan,3345,3379,1.32628127,0.827664431,2.1252840417,1,0
Cancer,Solid Cancer,"a Weighted, no covariates","TNF vs DMARD, NSAID, or no exposure",Medicare,516,3848,2.0993569676,1.3374530069,3.2952931091,1,1
Cancer,Solid Cancer,"b Weighted, covariates (6-month daily steroid dose)","TNF vs DMARD, NSAID, or no exposure",MPCD,718,746,0.6411531216,0.1809053198,2.2723340899,1,0
Cancer,Solid Cancer,"b Weighted, covariates (6-month daily steroid dose)","TNF vs DMARD, NSAID, or no exposure",Marketscan,3345,3379,1.2956560627,0.8083772924,2.0766598079,1,0
Cancer,Solid Cancer,"b Weighted, covariates (6-month daily steroid dose)","TNF vs DMARD, NSAID, or no exposure",Medicare,516,3848,2.1099089673,1.3422376512,3.3166375913,1,1
Cancer,Solid Cancer,"c Weighted, covariates (sex)","TNF vs DMARD, NSAID, or no exposure",MPCD,718,746,0.6168290032,0.1762814238,2.158355719,1,0
Cancer,Solid Cancer,"c Weighted, covariates (sex)","TNF vs DMARD, NSAID, or no exposure",Marketscan,3345,3379,1.2654499804,0.7871232242,2.0344510285,1,0
Cancer,Solid Cancer,"c Weighted, covariates (sex)","TNF vs DMARD, NSAID, or no exposure",Medicare,516,3848,1.8692808645,1.1858998862,2.9464636861,1,1
Cancer,Solid Cancer,"d Weighted, covariates (indHospInf)","TNF vs DMARD, NSAID, or no exposure",MPCD,718,746,0.6222147061,0.1756414545,2.2042127899,1,0
Cancer,Solid Cancer,"d Weighted, covariates (indHospInf)","TNF vs DMARD, NSAID, or no exposure",Marketscan,3345,3379,1.3201070622,0.8238655975,2.115251154,1,0
Cancer,Solid Cancer,"d Weighted, covariates (indHospInf)","TNF vs DMARD, NSAID, or no exposure",Medicare,516,3848,1.9727633246,1.2665289101,3.0728040267,1,1
Cancer,Solid Cancer,"e Weighted, covariates (6-month daily steroid dose, sex, indHospInf)","TNF vs DMARD, NSAID, or no exposure",MPCD,718,746,0.613240911,0.1732176428,2.1710514526,1,0
Cancer,Solid Cancer,"e Weighted, covariates (6-month daily steroid dose, sex, indHospInf)","TNF vs DMARD, NSAID, or no exposure",Marketscan,3345,3379,1.2387279741,0.7705915607,1.9912584981,1,0
Cancer,Solid Cancer,"e Weighted, covariates (6-month daily steroid dose, sex, indHospInf)","TNF vs DMARD, NSAID, or no exposure",Medicare,516,3848,1.7773671471,1.1304420934,2.7945119825,1,1
Cancer,Solid Cancer,"f Weighted (stabilized), covariates (6-month daily steroid dose)","TNF vs DMARD, NSAID, or no exposure",MPCD,718,746,0.6406004498,0.1781241974,2.3038359886,1,0
Cancer,Solid Cancer,"f Weighted (stabilized), covariates (6-month daily steroid dose)","TNF vs DMARD, NSAID, or no exposure",Marketscan,3345,3379,1.2910533616,0.8063205063,2.0671913582,1,0
Cancer,Solid Cancer,"f Weighted (stabilized), covariates (6-month daily steroid dose)","TNF vs DMARD, NSAID, or no exposure",Medicare,516,3848,2.0838627126,1.3238935512,3.2800853218,1,1
Cardiac disease,Aortic Insufficiency/Aortic Regurgitation,"0 Unweighted, no covariates","TNF vs DMARD, NSAID, or no exposure",MPCD,721,756,1.1992427543,0.2686346747,5.3536766445,1,0
Cardiac disease,Aortic Insufficiency/Aortic Regurgitation,"0 Unweighted, no covariates","TNF vs DMARD, NSAID, or no exposure",Marketscan,3363,3430,2.3926046369,1.0669111812,5.3655421831,1,1
Cardiac disease,Aortic Insufficiency/Aortic Regurgitation,"0 Unweighted, no covariates","TNF vs DMARD, NSAID, or no exposure",Medicare,529,4084,1.8640325754,1.1955544982,2.9062810999,1,1
Cardiac disease,Aortic Insufficiency/Aortic Regurgitation,"a Weighted, no covariates","TNF vs DMARD, NSAID, or no exposure",MPCD,721,756,0.558502699,0.1104759806,2.823466812,1,0
Cardiac disease,Aortic Insufficiency/Aortic Regurgitation,"a Weighted, no covariates","TNF vs DMARD, NSAID, or no exposure",Marketscan,3363,3430,2.1127781684,0.8464607258,5.2735247515,1,0
Cardiac disease,Aortic Insufficiency/Aortic Regurgitation,"a Weighted, no covariates","TNF vs DMARD, NSAID, or no exposure",Medicare,529,4084,2.1762609111,1.1984205119,3.9519613575,1,1
Cardiac disease,Aortic Insufficiency/Aortic Regurgitation,"b Weighted, covariates (6-month daily steroid dose)","TNF vs DMARD, NSAID, or no exposure",MPCD,721,756,0.648755433,0.1317421202,3.1947535921,1,0
Cardiac disease,Aortic Insufficiency/Aortic Regurgitation,"b Weighted, covariates (6-month daily steroid dose)","TNF vs DMARD, NSAID, or no exposure",Marketscan,3363,3430,2.079649092,0.8331849637,5.1908526129,1,0
Cardiac disease,Aortic Insufficiency/Aortic Regurgitation,"b Weighted, covariates (6-month daily steroid dose)","TNF vs DMARD, NSAID, or no exposure",Medicare,529,4084,2.1980030835,1.2124868884,3.9845524115,1,1
Cardiac disease,Aortic Insufficiency/Aortic Regurgitation,"c Weighted, covariates (sex)","TNF vs DMARD, NSAID, or no exposure",MPCD,721,756,0.5580538359,0.1107838873,2.8110954704,1,0
Cardiac disease,Aortic Insufficiency/Aortic Regurgitation,"c Weighted, covariates (sex)","TNF vs DMARD, NSAID, or no exposure",Marketscan,3363,3430,2.0920617836,0.8372448135,5.2275301513,1,0
Cardiac disease,Aortic Insufficiency/Aortic Regurgitation,"c Weighted, covariates (sex)","TNF vs DMARD, NSAID, or no exposure",Medicare,529,4084,2.1273474917,1.1111913442,4.0727525229,1,1
Cardiac disease,Aortic Insufficiency/Aortic Regurgitation,"d Weighted, covariates (indHospInf)","TNF vs DMARD, NSAID, or no exposure",MPCD,721,756,0.5579952397,0.1103764142,2.8208806181,1,0
Cardiac disease,Aortic Insufficiency/Aortic Regurgitation,"d Weighted, covariates (indHospInf)","TNF vs DMARD, NSAID, or no exposure",Marketscan,3363,3430,2.1031351355,0.8431048243,5.2462959175,1,0
Cardiac disease,Aortic Insufficiency/Aortic Regurgitation,"d Weighted, covariates (indHospInf)","TNF vs DMARD, NSAID, or no exposure",Medicare,529,4084,2.0837604314,1.1651980803,3.726454419,1,1
Cardiac disease,Aortic Insufficiency/Aortic Regurgitation,"e Weighted, covariates (6-month daily steroid dose, sex, indHospInf)","TNF vs DMARD, NSAID, or no exposure",MPCD,721,756,0.645167719,0.1302553579,3.1955797624,1,0
Cardiac disease,Aortic Insufficiency/Aortic Regurgitation,"e Weighted, covariates (6-month daily steroid dose, sex, indHospInf)","TNF vs DMARD, NSAID, or no exposure",Marketscan,3363,3430,2.0660735218,0.8272780075,5.1598855026,1,0
Cardiac disease,Aortic Insufficiency/Aortic Regurgitation,"e Weighted, covariates (6-month daily steroid dose, sex, indHospInf)","TNF vs DMARD, NSAID, or no exposure",Medicare,529,4084,2.0950126409,1.0975990796,3.9987988755,1,1
Cardiac disease,Aortic Insufficiency/Aortic Regurgitation,"f Weighted (stabilized), covariates (6-month daily steroid dose)","TNF vs DMARD, NSAID, or no exposure",MPCD,721,756,0.6421011752,0.129968946,3.1722494642,1,0
Cardiac disease,Aortic Insufficiency/Aortic Regurgitation,"f Weighted (stabilized), covariates (6-month daily steroid dose)","TNF vs DMARD, NSAID, or no exposure",Marketscan,3363,3430,2.0662232471,0.8319898679,5.1314068495,1,0
Cardiac disease,Aortic Insufficiency/Aortic Regurgitation,"f Weighted (stabilized), covariates (6-month daily steroid dose)","TNF vs DMARD, NSAID, or no exposure",Medicare,529,4084,2.164039198,1.1815982449,3.9633315898,1,1
Cardiac disease,Conduction Block,"0 Unweighted, no covariates","TNF vs DMARD, NSAID, or no exposure",MPCD,727,758,5.2524376E-6,1.3115268E-6,0.0000210351,0,0
Cardiac disease,Conduction Block,"0 Unweighted, no covariates","TNF vs DMARD, NSAID, or no exposure",Marketscan,3365,3432,1.2629673955,0.5901928641,2.7026532158,1,0
Cardiac disease,Conduction Block,"0 Unweighted, no covariates","TNF vs DMARD, NSAID, or no exposure",Medicare,540,4166,1.5471473442,0.9475153683,2.5262544385,1,0
Cardiac disease,Conduction Block,"a Weighted, no covariates","TNF vs DMARD, NSAID, or no exposure",MPCD,727,758,2.7054883E-6,6.4740768E-7,0.0000113061,0,0
Cardiac disease,Conduction Block,"a Weighted, no covariates","TNF vs DMARD, NSAID, or no exposure",Marketscan,3365,3432,1.6130368555,0.6837169432,3.8055044897,1,0
Cardiac disease,Conduction Block,"a Weighted, no covariates","TNF vs DMARD, NSAID, or no exposure",Medicare,540,4166,1.510031111,0.8104434888,2.8135138203,1,0
Cardiac disease,Conduction Block,"b Weighted, covariates (6-month daily steroid dose)","TNF vs DMARD, NSAID, or no exposure",MPCD,727,758,2.5653734E-6,5.7131066E-7,0.0000115194,0,0
Cardiac disease,Conduction Block,"b Weighted, covariates (6-month daily steroid dose)","TNF vs DMARD, NSAID, or no exposure",Marketscan,3365,3432,1.6504219539,0.6971750809,3.9070424357,1,0
Cardiac disease,Conduction Block,"b Weighted, covariates (6-month daily steroid dose)","TNF vs DMARD, NSAID, or no exposure",Medicare,540,4166,1.527437414,0.8193657411,2.847403713,1,0
Cardiac disease,Conduction Block,"c Weighted, covariates (sex)","TNF vs DMARD, NSAID, or no exposure",MPCD,727,758,2.6593986E-6,6.4106862E-7,0.0000110322,0,0
Cardiac disease,Conduction Block,"c Weighted, covariates (sex)","TNF vs DMARD, NSAID, or no exposure",Marketscan,3365,3432,1.5583580554,0.6579913875,3.6907471359,1,0
Cardiac disease,Conduction Block,"c Weighted, covariates (sex)","TNF vs DMARD, NSAID, or no exposure",Medicare,540,4166,1.4153434407,0.7649276528,2.6188059066,1,0
Cardiac disease,Conduction Block,"d Weighted, covariates (indHospInf)","TNF vs DMARD, NSAID, or no exposure",MPCD,727,758,2.6221133E-6,6.2747438E-7,0.0000109574,0,0
Cardiac disease,Conduction Block,"d Weighted, covariates (indHospInf)","TNF vs DMARD, NSAID, or no exposure",Marketscan,3365,3432,1.6019007667,0.679021498,3.7790939963,1,0
Cardiac disease,Conduction Block,"d Weighted, covariates (indHospInf)","TNF vs DMARD, NSAID, or no exposure",Medicare,540,4166,1.4835555977,0.8079318765,2.7241618699,1,0
Cardiac disease,Conduction Block,"e Weighted, covariates (6-month daily steroid dose, sex, indHospInf)","TNF vs DMARD, NSAID, or no exposure",MPCD,727,758,2.4438662E-6,5.5604876E-7,0.0000107409,0,0
Cardiac disease,Conduction Block,"e Weighted, covariates (6-month daily steroid dose, sex, indHospInf)","TNF vs DMARD, NSAID, or no exposure",Marketscan,3365,3432,1.5886706498,0.6685575434,3.7751042651,1,0
Cardiac disease,Conduction Block,"e Weighted, covariates (6-month daily steroid dose, sex, indHospInf)","TNF vs DMARD, NSAID, or no exposure",Medicare,540,4166,1.4117917749,0.7712406575,2.5843502886,1,0
Cardiac disease,Conduction Block,"f Weighted (stabilized), covariates (6-month daily steroid dose)","TNF vs DMARD, NSAID, or no exposure",MPCD,727,758,4.7136981E-7,1.0443241E-7,2.1275914E-6,0,0
Cardiac disease,Conduction Block,"f Weighted (stabilized), covariates (6-month daily steroid dose)","TNF vs DMARD, NSAID, or no exposure",Marketscan,3365,3432,1.5949787878,0.6867929848,3.7041108309,1,0
Cardiac disease,Conduction Block,"f Weighted (stabilized), covariates (6-month daily steroid dose)","TNF vs DMARD, NSAID, or no exposure",Medicare,540,4166,1.4592944853,0.7653768166,2.782342434,1,0
Cardiac disease,Myocardial infarction,"0 Unweighted, no covariates","TNF vs DMARD, NSAID, or no exposure",MPCD,727,759,1.0176213551,0.904400667,1.1450159871,1,0
Cardiac disease,Myocardial infarction,"0 Unweighted, no covariates","TNF vs DMARD, NSAID, or no exposure",Marketscan,3375,3453,2.5723629586,0.5249196769,12.605835677,1,0
Cardiac disease,Myocardial infarction,"0 Unweighted, no covariates","TNF vs DMARD, NSAID, or no exposure",Medicare,555,4304,1.310376807,0.6697832997,2.5636461481,1,0
Cardiac disease,Myocardial infarction,"a Weighted, no covariates","TNF vs DMARD, NSAID, or no exposure",MPCD,727,759,1.0381776641,0.7096616214,1.5187701148,1,0
Cardiac disease,Myocardial infarction,"a Weighted, no covariates","TNF vs DMARD, NSAID, or no exposure",Marketscan,3375,3453,2.9508248327,0.576445211,15.10528152,1,0
Cardiac disease,Myocardial infarction,"a Weighted, no covariates","TNF vs DMARD, NSAID, or no exposure",Medicare,555,4304,1.2320492345,0.5499389052,2.7602071828,1,0
Cardiac disease,Myocardial infarction,"b Weighted, covariates (6-month daily steroid dose)","TNF vs DMARD, NSAID, or no exposure",MPCD,727,759,1.0256230893,0.673064367,1.5628560548,1,0
Cardiac disease,Myocardial infarction,"b Weighted, covariates (6-month daily steroid dose)","TNF vs DMARD, NSAID, or no exposure",Marketscan,3375,3453,3.1251859665,0.6109601176,15.985965442,1,0
Cardiac disease,Myocardial infarction,"b Weighted, covariates (6-month daily steroid dose)","TNF vs DMARD, NSAID, or no exposure",Medicare,555,4304,1.307026346,0.5693854911,3.0002834565,1,0
Cardiac disease,Myocardial infarction,"c Weighted, covariates (sex)","TNF vs DMARD, NSAID, or no exposure",MPCD,727,759,1.0224107493,0.7397352797,1.4131051592,1,0
Cardiac disease,Myocardial infarction,"c Weighted, covariates (sex)","TNF vs DMARD, NSAID, or no exposure",Marketscan,3375,3453,2.7866935943,0.545048742,14.247645377,1,0
Cardiac disease,Myocardial infarction,"c Weighted, covariates (sex)","TNF vs DMARD, NSAID, or no exposure",Medicare,555,4304,1.1054138606,0.4761141868,2.5664847571,1,0
Cardiac disease,Myocardial infarction,"d Weighted, covariates (indHospInf)","TNF vs DMARD, NSAID, or no exposure",MPCD,727,759,1.0376491837,0.7086220177,1.5194501463,1,0
Cardiac disease,Myocardial infarction,"d Weighted, covariates (indHospInf)","TNF vs DMARD, NSAID, or no exposure",Marketscan,3375,3453,2.972430564,0.580322407,15.224887667,1,0
Cardiac disease,Myocardial infarction,"d Weighted, covariates (indHospInf)","TNF vs DMARD, NSAID, or no exposure",Medicare,555,4304,1.259506986,0.5499118554,2.8847493145,1,0
Cardiac disease,Myocardial infarction,"e Weighted, covariates (6-month daily steroid dose, sex, indHospInf)","TNF vs DMARD, NSAID, or no exposure",MPCD,727,759,0.9954148088,0.6821501069,1.4525404768,1,0
Cardiac disease,Myocardial infarction,"e Weighted, covariates (6-month daily steroid dose, sex, indHospInf)","TNF vs DMARD, NSAID, or no exposure",Marketscan,3375,3453,2.9651793628,0.5789616189,15.186306599,1,0
Cardiac disease,Myocardial infarction,"e Weighted, covariates (6-month daily steroid dose, sex, indHospInf)","TNF vs DMARD, NSAID, or no exposure",Medicare,555,4304,1.2828889955,0.5209341545,3.1593324429,1,0
Cardiac disease,Myocardial infarction,"f Weighted (stabilized), covariates (6-month daily steroid dose)","TNF vs DMARD, NSAID, or no exposure",MPCD,727,759,0.9947159658,0.5651704447,1.7507282304,1,0
Cardiac disease,Myocardial infarction,"f Weighted (stabilized), covariates (6-month daily steroid dose)","TNF vs DMARD, NSAID, or no exposure",Marketscan,3375,3453,3.0237446743,0.5999790237,15.238919186,1,0
Cardiac disease,Myocardial infarction,"f Weighted (stabilized), covariates (6-month daily steroid dose)","TNF vs DMARD, NSAID, or no exposure",Medicare,555,4304,1.2880426529,0.556367766,2.9819374472,1,0
Infection,Hospitalized infection,"0 Unweighted, no covariates","TNF vs DMARD, NSAID, or no exposure",MPCD,728,759,1.8092661507,0.7784286179,4.2051948359,1,0
Infection,Hospitalized infection,"0 Unweighted, no covariates","TNF vs DMARD, NSAID, or no exposure",Marketscan,3378,3458,1.6183657343,1.268850527,2.064157751,1,1
Infection,Hospitalized infection,"0 Unweighted, no covariates","TNF vs DMARD, NSAID, or no exposure",Medicare,561,4364,1.4278448517,1.1659222822,1.7486079062,1,1
Infection,Hospitalized infection,"a Weighted, no covariates","TNF vs DMARD, NSAID, or no exposure",MPCD,728,759,1.6094191032,0.4873611455,5.3148058143,1,0
Infection,Hospitalized infection,"a Weighted, no covariates","TNF vs DMARD, NSAID, or no exposure",Marketscan,3378,3458,1.4446624708,1.0859824053,1.9218079817,1,1
Infection,Hospitalized infection,"a Weighted, no covariates","TNF vs DMARD, NSAID, or no exposure",Medicare,561,4364,1.460313451,1.0996198596,1.9393205356,1,1
Infection,Hospitalized infection,"b Weighted, covariates (6-month daily steroid dose)","TNF vs DMARD, NSAID, or no exposure",MPCD,728,759,1.5018632497,0.434113133,5.1958649697,1,0
Infection,Hospitalized infection,"b Weighted, covariates (6-month daily steroid dose)","TNF vs DMARD, NSAID, or no exposure",Marketscan,3378,3458,1.4674057822,1.1014498272,1.9549503539,1,1
Infection,Hospitalized infection,"b Weighted, covariates (6-month daily steroid dose)","TNF vs DMARD, NSAID, or no exposure",Medicare,561,4364,1.4776442104,1.1196138365,1.9501656209,1,1
Infection,Hospitalized infection,"c Weighted, covariates (sex)","TNF vs DMARD, NSAID, or no exposure",MPCD,728,759,1.6106069716,0.4861388482,5.3360368682,1,0
Infection,Hospitalized infection,"c Weighted, covariates (sex)","TNF vs DMARD, NSAID, or no exposure",Marketscan,3378,3458,1.4541058498,1.0913166462,1.9374980027,1,1
Infection,Hospitalized infection,"c Weighted, covariates (sex)","TNF vs DMARD, NSAID, or no exposure",Medicare,561,4364,1.4778687762,1.0970074968,1.9909582442,1,1
Infection,Hospitalized infection,"d Weighted, covariates (indHospInf)","TNF vs DMARD, NSAID, or no exposure",MPCD,728,759,1.6126888993,0.4886190304,5.3226856184,1,0
Infection,Hospitalized infection,"d Weighted, covariates (indHospInf)","TNF vs DMARD, NSAID, or no exposure",Marketscan,3378,3458,1.4541985258,1.0932254294,1.9343616564,1,1
Infection,Hospitalized infection,"d Weighted, covariates (indHospInf)","TNF vs DMARD, NSAID, or no exposure",Medicare,561,4364,1.4878943872,1.0845303342,2.0412796559,1,1
Infection,Hospitalized infection,"e Weighted, covariates (6-month daily steroid dose, sex, indHospInf)","TNF vs DMARD, NSAID, or no exposure",MPCD,728,759,1.5187336472,0.440719198,5.2336088413,1,0
Infection,Hospitalized infection,"e Weighted, covariates (6-month daily steroid dose, sex, indHospInf)","TNF vs DMARD, NSAID, or no exposure",Marketscan,3378,3458,1.4787914684,1.1082395161,1.9732415016,1,1
Infection,Hospitalized infection,"e Weighted, covariates (6-month daily steroid dose, sex, indHospInf)","TNF vs DMARD, NSAID, or no exposure",Medicare,561,4364,1.5184880405,1.1106054141,2.0761702582,1,1
Infection,Hospitalized infection,"f Weighted (stabilized), covariates (6-month daily steroid dose)","TNF vs DMARD, NSAID, or no exposure",MPCD,728,759,1.5370939394,0.4498024511,5.2526565228,1,0
Infection,Hospitalized infection,"f Weighted (stabilized), covariates (6-month daily steroid dose)","TNF vs DMARD, NSAID, or no exposure",Marketscan,3378,3458,1.4433246465,1.0847878719,1.9203625789,1,1
Infection,Hospitalized infection,"f Weighted (stabilized), covariates (6-month daily steroid dose)","TNF vs DMARD, NSAID, or no exposure",Medicare,561,4364,1.4680499723,1.1081704786,1.9448006989,1,1
Infection,Opportunistic infection,"0 Unweighted, no covariates","TNF vs DMARD, NSAID, or no exposure",MPCD,728,759,1.8354494122,0.5534266042,6.087301404,1,0
Infection,Opportunistic infection,"0 Unweighted, no covariates","TNF vs DMARD, NSAID, or no exposure",Marketscan,3378,3458,1.439441631,0.8857570544,2.3392330874,1,0
Infection,Opportunistic infection,"0 Unweighted, no covariates","TNF vs DMARD, NSAID, or no exposure",Medicare,561,4364,1.5889689153,0.994551815,2.5386532663,1,0
Infection,Opportunistic infection,"a Weighted, no covariates","TNF vs DMARD, NSAID, or no exposure",MPCD,728,759,1.1342035382,0.2697326842,4.7692316928,1,0
Infection,Opportunistic infection,"a Weighted, no covariates","TNF vs DMARD, NSAID, or no exposure",Marketscan,3378,3458,1.3021406612,0.7287914378,2.3265507985,1,0
Infection,Opportunistic infection,"a Weighted, no covariates","TNF vs DMARD, NSAID, or no exposure",Medicare,561,4364,1.2177250366,0.6859411736,2.1617805167,1,0
Infection,Opportunistic infection,"b Weighted, covariates (6-month daily steroid dose)","TNF vs DMARD, NSAID, or no exposure",MPCD,728,759,1.2004567654,0.2795293077,5.1554395403,1,0
Infection,Opportunistic infection,"b Weighted, covariates (6-month daily steroid dose)","TNF vs DMARD, NSAID, or no exposure",Marketscan,3378,3458,1.3247591115,0.7393025781,2.3738409083,1,0
Infection,Opportunistic infection,"b Weighted, covariates (6-month daily steroid dose)","TNF vs DMARD, NSAID, or no exposure",Medicare,561,4364,1.235878714,0.6999679382,2.182094511,1,0
Infection,Opportunistic infection,"c Weighted, covariates (sex)","TNF vs DMARD, NSAID, or no exposure",MPCD,728,759,1.1530140665,0.2680923036,4.958894455,1,0
Infection,Opportunistic infection,"c Weighted, covariates (sex)","TNF vs DMARD, NSAID, or no exposure",Marketscan,3378,3458,1.3702139206,0.7642843876,2.4565282489,1,0
Infection,Opportunistic infection,"c Weighted, covariates (sex)","TNF vs DMARD, NSAID, or no exposure",Medicare,561,4364,1.3305117648,0.7325633452,2.4165303489,1,0
Infection,Opportunistic infection,"d Weighted, covariates (indHospInf)","TNF vs DMARD, NSAID, or no exposure",MPCD,728,759,1.1330941191,0.2694591856,4.7647374856,1,0
Infection,Opportunistic infection,"d Weighted, covariates (indHospInf)","TNF vs DMARD, NSAID, or no exposure",Marketscan,3378,3458,1.2966248573,0.7258130486,2.3163485747,1,0
Infection,Opportunistic infection,"d Weighted, covariates (indHospInf)","TNF vs DMARD, NSAID, or no exposure",Medicare,561,4364,1.196848975,0.6831427852,2.096849297,1,0
Infection,Opportunistic infection,"e Weighted, covariates (6-month daily steroid dose, sex, indHospInf)","TNF vs DMARD, NSAID, or no exposure",MPCD,728,759,1.2047070948,0.274947702,5.2785281476,1,0
Infection,Opportunistic infection,"e Weighted, covariates (6-month daily steroid dose, sex, indHospInf)","TNF vs DMARD, NSAID, or no exposure",Marketscan,3378,3458,1.3822812495,0.7697568748,2.4822142099,1,0
Infection,Opportunistic infection,"e Weighted, covariates (6-month daily steroid dose, sex, indHospInf)","TNF vs DMARD, NSAID, or no exposure",Medicare,561,4364,1.286147805,0.7276225717,2.2733986557,1,0
Infection,Opportunistic infection,"f Weighted (stabilized), covariates (6-month daily steroid dose)","TNF vs DMARD, NSAID, or no exposure",MPCD,728,759,1.1931294071,0.281910653,5.0496771471,1,0
Infection,Opportunistic infection,"f Weighted (stabilized), covariates (6-month daily steroid dose)","TNF vs DMARD, NSAID, or no exposure",Marketscan,3378,3458,1.2728168397,0.7183356553,2.2553004232,1,0
Infection,Opportunistic infection,"f Weighted (stabilized), covariates (6-month daily steroid dose)","TNF vs DMARD, NSAID, or no exposure",Medicare,561,4364,1.1514321225,0.6312686002,2.1002089004,1,0
Inflammatory bowel disease,Crohn’s Disease,"0 Unweighted, no covariates","TNF vs DMARD, NSAID, or no exposure",MPCD,686,748,3.5033360362,0.9817435701,12.501597929,1,0
Inflammatory bowel disease,Crohn’s Disease,"0 Unweighted, no covariates","TNF vs DMARD, NSAID, or no exposure",Marketscan,3232,3385,3.0788066271,1.7306654068,5.4771131438,1,1
Inflammatory bowel disease,Crohn’s Disease,"0 Unweighted, no covariates","TNF vs DMARD, NSAID, or no exposure",Medicare,531,4296,4.2934391156,1.9001910046,9.7009297459,1,1
Inflammatory bowel disease,Crohn’s Disease,"a Weighted, no covariates","TNF vs DMARD, NSAID, or no exposure",MPCD,686,748,6.0354475943,1.218728724,29.889036785,1,1
Inflammatory bowel disease,Crohn’s Disease,"a Weighted, no covariates","TNF vs DMARD, NSAID, or no exposure",Marketscan,3232,3385,3.0204664565,1.6236451306,5.6189726701,1,1
Inflammatory bowel disease,Crohn’s Disease,"a Weighted, no covariates","TNF vs DMARD, NSAID, or no exposure",Medicare,531,4296,6.8219510257,2.3339264087,19.940224175,1,1
Inflammatory bowel disease,Crohn’s Disease,"b Weighted, covariates (6-month daily steroid dose)","TNF vs DMARD, NSAID, or no exposure",MPCD,686,748,6.7696690769,1.3926709765,32.906853222,1,1
Inflammatory bowel disease,Crohn’s Disease,"b Weighted, covariates (6-month daily steroid dose)","TNF vs DMARD, NSAID, or no exposure",Marketscan,3232,3385,2.9344900655,1.5771868132,5.4598680842,1,1
Inflammatory bowel disease,Crohn’s Disease,"b Weighted, covariates (6-month daily steroid dose)","TNF vs DMARD, NSAID, or no exposure",Medicare,531,4296,6.7630749885,2.3299577349,19.630906868,1,1
Inflammatory bowel disease,Crohn’s Disease,"c Weighted, covariates (sex)","TNF vs DMARD, NSAID, or no exposure",MPCD,686,748,6.0381305531,1.22518382,29.758000375,1,1
Inflammatory bowel disease,Crohn’s Disease,"c Weighted, covariates (sex)","TNF vs DMARD, NSAID, or no exposure",Marketscan,3232,3385,2.9881283578,1.5848715019,5.6338391293,1,1
Inflammatory bowel disease,Crohn’s Disease,"c Weighted, covariates (sex)","TNF vs DMARD, NSAID, or no exposure",Medicare,531,4296,6.6699946259,2.1445806145,20.744768468,1,1
Inflammatory bowel disease,Crohn’s Disease,"d Weighted, covariates (indHospInf)","TNF vs DMARD, NSAID, or no exposure",MPCD,686,748,6.021560411,1.2155841573,29.828613319,1,1
Inflammatory bowel disease,Crohn’s Disease,"d Weighted, covariates (indHospInf)","TNF vs DMARD, NSAID, or no exposure",Marketscan,3232,3385,2.9949621288,1.6096934375,5.5723642425,1,1
Inflammatory bowel disease,Crohn’s Disease,"d Weighted, covariates (indHospInf)","TNF vs DMARD, NSAID, or no exposure",Medicare,531,4296,6.4978443949,2.2475103101,18.786112611,1,1
Inflammatory bowel disease,Crohn’s Disease,"e Weighted, covariates (6-month daily steroid dose, sex, indHospInf)","TNF vs DMARD, NSAID, or no exposure",MPCD,686,748,6.768455748,1.4071890231,32.55567835,1,1
Inflammatory bowel disease,Crohn’s Disease,"e Weighted, covariates (6-month daily steroid dose, sex, indHospInf)","TNF vs DMARD, NSAID, or no exposure",Marketscan,3232,3385,2.910412464,1.5447303581,5.4834817393,1,1
Inflammatory bowel disease,Crohn’s Disease,"e Weighted, covariates (6-month daily steroid dose, sex, indHospInf)","TNF vs DMARD, NSAID, or no exposure",Medicare,531,4296,6.5416122953,2.044595953,20.929656718,1,1
Inflammatory bowel disease,Crohn’s Disease,"f Weighted (stabilized), covariates (6-month daily steroid dose)","TNF vs DMARD, NSAID, or no exposure",MPCD,686,748,6.5872071393,1.3749463368,31.55853922,1,1
Inflammatory bowel disease,Crohn’s Disease,"f Weighted (stabilized), covariates (6-month daily steroid dose)","TNF vs DMARD, NSAID, or no exposure",Marketscan,3232,3385,2.8567424765,1.541373567,5.2946136822,1,1
Inflammatory bowel disease,Crohn’s Disease,"f Weighted (stabilized), covariates (6-month daily steroid dose)","TNF vs DMARD, NSAID, or no exposure",Medicare,531,4296,6.5540485686,2.269466365,18.927600472,1,1
Inflammatory bowel disease,Ulcerative Colitis,"0 Unweighted, no covariates","TNF vs DMARD, NSAID, or no exposure",MPCD,712,753,1.4943687433,0.3587172557,6.2253429554,1,0
Inflammatory bowel disease,Ulcerative Colitis,"0 Unweighted, no covariates","TNF vs DMARD, NSAID, or no exposure",Marketscan,3296,3415,1.8992778898,1.1166737746,3.2303583954,1,1
Inflammatory bowel disease,Ulcerative Colitis,"0 Unweighted, no covariates","TNF vs DMARD, NSAID, or no exposure",Medicare,537,4284,3.423479928,1.6763926236,6.9913304629,1,1
Inflammatory bowel disease,Ulcerative Colitis,"a Weighted, no covariates","TNF vs DMARD, NSAID, or no exposure",MPCD,712,753,1.0790065541,0.2330068954,4.9966553218,1,0
Inflammatory bowel disease,Ulcerative Colitis,"a Weighted, no covariates","TNF vs DMARD, NSAID, or no exposure",Marketscan,3296,3415,1.5846851037,0.8529478375,2.9441740366,1,0
Inflammatory bowel disease,Ulcerative Colitis,"a Weighted, no covariates","TNF vs DMARD, NSAID, or no exposure",Medicare,537,4284,3.3013259362,1.3313826504,8.1860409807,1,1
Inflammatory bowel disease,Ulcerative Colitis,"b Weighted, covariates (6-month daily steroid dose)","TNF vs DMARD, NSAID, or no exposure",MPCD,712,753,1.1162539099,0.2423981884,5.1403964677,1,0
Inflammatory bowel disease,Ulcerative Colitis,"b Weighted, covariates (6-month daily steroid dose)","TNF vs DMARD, NSAID, or no exposure",Marketscan,3296,3415,1.5687265472,0.8431088004,2.9188439012,1,0
Inflammatory bowel disease,Ulcerative Colitis,"b Weighted, covariates (6-month daily steroid dose)","TNF vs DMARD, NSAID, or no exposure",Medicare,537,4284,3.2819080926,1.3239398196,8.1355062892,1,1
Inflammatory bowel disease,Ulcerative Colitis,"c Weighted, covariates (sex)","TNF vs DMARD, NSAID, or no exposure",MPCD,712,753,1.0798935502,0.2328062106,5.0091880141,1,0
Inflammatory bowel disease,Ulcerative Colitis,"c Weighted, covariates (sex)","TNF vs DMARD, NSAID, or no exposure",Marketscan,3296,3415,1.5903332591,0.8479914365,2.9825299716,1,0
Inflammatory bowel disease,Ulcerative Colitis,"c Weighted, covariates (sex)","TNF vs DMARD, NSAID, or no exposure",Medicare,537,4284,3.3222597455,1.3773385895,8.0135777074,1,1
Inflammatory bowel disease,Ulcerative Colitis,"d Weighted, covariates (indHospInf)","TNF vs DMARD, NSAID, or no exposure",MPCD,712,753,1.0779351384,0.2327550532,4.9921329157,1,0
Inflammatory bowel disease,Ulcerative Colitis,"d Weighted, covariates (indHospInf)","TNF vs DMARD, NSAID, or no exposure",Marketscan,3296,3415,1.5779871421,0.8484293102,2.9348861369,1,0
Inflammatory bowel disease,Ulcerative Colitis,"d Weighted, covariates (indHospInf)","TNF vs DMARD, NSAID, or no exposure",Medicare,537,4284,3.2405610179,1.3316413815,7.8859337477,1,1
Inflammatory bowel disease,Ulcerative Colitis,"e Weighted, covariates (6-month daily steroid dose, sex, indHospInf)","TNF vs DMARD, NSAID, or no exposure",MPCD,712,753,1.119862865,0.2424998129,5.1715208416,1,0
Inflammatory bowel disease,Ulcerative Colitis,"e Weighted, covariates (6-month daily steroid dose, sex, indHospInf)","TNF vs DMARD, NSAID, or no exposure",Marketscan,3296,3415,1.5719209253,0.8344401187,2.9611895928,1,0
Inflammatory bowel disease,Ulcerative Colitis,"e Weighted, covariates (6-month daily steroid dose, sex, indHospInf)","TNF vs DMARD, NSAID, or no exposure",Medicare,537,4284,3.2411976541,1.3599901408,7.7245870521,1,1
Inflammatory bowel disease,Ulcerative Colitis,"f Weighted (stabilized), covariates (6-month daily steroid dose)","TNF vs DMARD, NSAID, or no exposure",MPCD,712,753,1.1474193106,0.2479558544,5.3096994919,1,0
Inflammatory bowel disease,Ulcerative Colitis,"f Weighted (stabilized), covariates (6-month daily steroid dose)","TNF vs DMARD, NSAID, or no exposure",Marketscan,3296,3415,1.5901083813,0.8545400904,2.9588367974,1,0
Inflammatory bowel disease,Ulcerative Colitis,"f Weighted (stabilized), covariates (6-month daily steroid dose)","TNF vs DMARD, NSAID, or no exposure",Medicare,537,4284,3.3144683378,1.3391443107,8.2035224095,1,1
Kidney disease,IgA nephropathy,"0 Unweighted, no covariates","TNF vs DMARD, NSAID, or no exposure",MPCD,726,757,1.7045866562,0.1526268812,19.037378251,1,0
Kidney disease,IgA nephropathy,"0 Unweighted, no covariates","TNF vs DMARD, NSAID, or no exposure",Marketscan,3376,3458,5871669.5247,1859860.6612,18537142.984,0,0
Kidney disease,IgA nephropathy,"0 Unweighted, no covariates","TNF vs DMARD, NSAID, or no exposure",Medicare,560,4353,3.8652730134,0.3621078934,41.25934767,1,0
Kidney disease,IgA nephropathy,"a Weighted, no covariates","TNF vs DMARD, NSAID, or no exposure",MPCD,726,757,1.607975203,0.1259720233,20.525067284,1,0
Kidney disease,IgA nephropathy,"a Weighted, no covariates","TNF vs DMARD, NSAID, or no exposure",Marketscan,3376,3458,1325408.0051,338105.59591,5195732.9349,0,0
Kidney disease,IgA nephropathy,"a Weighted, no covariates","TNF vs DMARD, NSAID, or no exposure",Medicare,560,4353,0.8434830875,0.0797748292,8.9183985184,1,0
Kidney disease,IgA nephropathy,"b Weighted, covariates (6-month daily steroid dose)","TNF vs DMARD, NSAID, or no exposure",MPCD,726,757,2.089290697,0.1708448956,25.550284089,1,0
Kidney disease,IgA nephropathy,"b Weighted, covariates (6-month daily steroid dose)","TNF vs DMARD, NSAID, or no exposure",Marketscan,3376,3458,3791276.3217,985432.96218,14586254.671,0,0
Kidney disease,IgA nephropathy,"b Weighted, covariates (6-month daily steroid dose)","TNF vs DMARD, NSAID, or no exposure",Medicare,560,4353,0.8512182329,0.0777841037,9.3151742551,1,0
Kidney disease,IgA nephropathy,"c Weighted, covariates (sex)","TNF vs DMARD, NSAID, or no exposure",MPCD,726,757,1.6086620192,0.1281573749,20.192310378,1,0
Kidney disease,IgA nephropathy,"c Weighted, covariates (sex)","TNF vs DMARD, NSAID, or no exposure",Marketscan,3376,3458,1249994.1283,329425.71873,4743058.0912,0,0
Kidney disease,IgA nephropathy,"c Weighted, covariates (sex)","TNF vs DMARD, NSAID, or no exposure",Medicare,560,4353,0.7475317536,0.0639739374,8.7348652511,1,0
Kidney disease,IgA nephropathy,"d Weighted, covariates (indHospInf)","TNF vs DMARD, NSAID, or no exposure",MPCD,726,757,1.6284127872,0.1269989923,20.879915324,1,0
Kidney disease,IgA nephropathy,"d Weighted, covariates (indHospInf)","TNF vs DMARD, NSAID, or no exposure",Marketscan,3376,3458,1341903.1784,342279.48663,5260917.4969,0,0
Kidney disease,IgA nephropathy,"d Weighted, covariates (indHospInf)","TNF vs DMARD, NSAID, or no exposure",Medicare,560,4353,0.9567055368,0.1032310883,8.8663744572,1,0
Kidney disease,IgA nephropathy,"e Weighted, covariates (6-month daily steroid dose, sex, indHospInf)","TNF vs DMARD, NSAID, or no exposure",MPCD,726,757,1.9399716635,0.165687454,22.714393658,1,0
Kidney disease,IgA nephropathy,"e Weighted, covariates (6-month daily steroid dose, sex, indHospInf)","TNF vs DMARD, NSAID, or no exposure",Marketscan,3376,3458,3816693.3007,1011360.6679,14403514.211,0,0
Kidney disease,IgA nephropathy,"e Weighted, covariates (6-month daily steroid dose, sex, indHospInf)","TNF vs DMARD, NSAID, or no exposure",Medicare,560,4353,0.9665624125,0.1055659231,8.8498529655,1,0
Kidney disease,IgA nephropathy,"f Weighted (stabilized), covariates (6-month daily steroid dose)","TNF vs DMARD, NSAID, or no exposure",MPCD,726,757,2.159146251,0.1798942482,25.914739245,1,0
Kidney disease,IgA nephropathy,"f Weighted (stabilized), covariates (6-month daily steroid dose)","TNF vs DMARD, NSAID, or no exposure",Marketscan,3376,3458,3494393.7187,908968.16502,13433680.002,0,0
Kidney disease,IgA nephropathy,"f Weighted (stabilized), covariates (6-month daily steroid dose)","TNF vs DMARD, NSAID, or no exposure",Medicare,560,4353,0.8596136715,0.0783101006,9.4360198553,1,0
Kidney disease,Nephrotic syndrome,"0 Unweighted, no covariates","TNF vs DMARD, NSAID, or no exposure",MPCD,728,759,3404346207.1,832128415.1,13927625697,0,0
Kidney disease,Nephrotic syndrome,"0 Unweighted, no covariates","TNF vs DMARD, NSAID, or no exposure",Marketscan,3377,3458,10925603.175,1470540.9092,81173399.53,0,0
Kidney disease,Nephrotic syndrome,"0 Unweighted, no covariates","TNF vs DMARD, NSAID, or no exposure",Medicare,561,4360,62008352.513,9197997.5968,418029657.09,0,0
Kidney disease,Nephrotic syndrome,"a Weighted, no covariates","TNF vs DMARD, NSAID, or no exposure",MPCD,728,759,7311167.7303,1646190.6125,32470828.818,0,0
Kidney disease,Nephrotic syndrome,"a Weighted, no covariates","TNF vs DMARD, NSAID, or no exposure",Marketscan,3377,3458,293337.71172,40946.165538,2101466.9381,0,0
Kidney disease,Nephrotic syndrome,"a Weighted, no covariates","TNF vs DMARD, NSAID, or no exposure",Medicare,561,4360,19343936.321,2840242.302,131745052.92,0,0
Kidney disease,Nephrotic syndrome,"b Weighted, covariates (6-month daily steroid dose)","TNF vs DMARD, NSAID, or no exposure",MPCD,728,759,7826233.8518,1761039.5347,34780557.219,0,0
Kidney disease,Nephrotic syndrome,"b Weighted, covariates (6-month daily steroid dose)","TNF vs DMARD, NSAID, or no exposure",Marketscan,3377,3458,274734.45922,38530.046526,1958965.2722,0,0
Kidney disease,Nephrotic syndrome,"b Weighted, covariates (6-month daily steroid dose)","TNF vs DMARD, NSAID, or no exposure",Medicare,561,4360,18899686.556,2789518.1411,128050126.88,0,0
Kidney disease,Nephrotic syndrome,"c Weighted, covariates (sex)","TNF vs DMARD, NSAID, or no exposure",MPCD,728,759,7560888.9729,1650258.9867,34641254.81,0,0
Kidney disease,Nephrotic syndrome,"c Weighted, covariates (sex)","TNF vs DMARD, NSAID, or no exposure",Marketscan,3377,3458,318124.09185,44655.12038,2266323.256,0,0
Kidney disease,Nephrotic syndrome,"c Weighted, covariates (sex)","TNF vs DMARD, NSAID, or no exposure",Medicare,561,4360,23396482.811,3176241.8124,172340596.29,0,0
Kidney disease,Nephrotic syndrome,"d Weighted, covariates (indHospInf)","TNF vs DMARD, NSAID, or no exposure",MPCD,728,759,8123881.0041,1828701.1118,36089791.898,0,0
Kidney disease,Nephrotic syndrome,"d Weighted, covariates (indHospInf)","TNF vs DMARD, NSAID, or no exposure",Marketscan,3377,3458,316427.23855,44166.538866,2267014.8005,0,0
Kidney disease,Nephrotic syndrome,"d Weighted, covariates (indHospInf)","TNF vs DMARD, NSAID, or no exposure",Medicare,561,4360,17454195.946,2567830.6067,118640596.98,0,0
Kidney disease,Nephrotic syndrome,"e Weighted, covariates (6-month daily steroid dose, sex, indHospInf)","TNF vs DMARD, NSAID, or no exposure",MPCD,728,759,10674135.736,2578426.9773,44188636.992,0,0
Kidney disease,Nephrotic syndrome,"e Weighted, covariates (6-month daily steroid dose, sex, indHospInf)","TNF vs DMARD, NSAID, or no exposure",Marketscan,3377,3458,317145.17312,44481.611121,2261182.954,0,0
Kidney disease,Nephrotic syndrome,"e Weighted, covariates (6-month daily steroid dose, sex, indHospInf)","TNF vs DMARD, NSAID, or no exposure",Medicare,561,4360,23103788.716,2999526.4491,177956441.5,0,0
Kidney disease,Nephrotic syndrome,"f Weighted (stabilized), covariates (6-month daily steroid dose)","TNF vs DMARD, NSAID, or no exposure",MPCD,728,759,15491667.289,3266522.5661,73470104.836,0,0
Kidney disease,Nephrotic syndrome,"f Weighted (stabilized), covariates (6-month daily steroid dose)","TNF vs DMARD, NSAID, or no exposure",Marketscan,3377,3458,746108.51869,104147.46018,5345093.5886,0,0
Kidney disease,Nephrotic syndrome,"f Weighted (stabilized), covariates (6-month daily steroid dose)","TNF vs DMARD, NSAID, or no exposure",Medicare,561,4360,38168366.83,5854816.516,248824915.77,0,0
Lung disease,Apical Pulmonary fibrosis,"0 Unweighted, no covariates","TNF vs DMARD, NSAID, or no exposure",MPCD,728,759,1,1,1,1,0
Lung disease,Apical Pulmonary fibrosis,"0 Unweighted, no covariates","TNF vs DMARD, NSAID, or no exposure",Marketscan,3378,3458,1,1,1,1,0
Lung disease,Apical Pulmonary fibrosis,"0 Unweighted, no covariates","TNF vs DMARD, NSAID, or no exposure",Medicare,561,4364,1,1,1,1,0
Lung disease,Apical Pulmonary fibrosis,"a Weighted, no covariates","TNF vs DMARD, NSAID, or no exposure",MPCD,728,759,1,1,1,1,0
Lung disease,Apical Pulmonary fibrosis,"a Weighted, no covariates","TNF vs DMARD, NSAID, or no exposure",Marketscan,3378,3458,1,1,1,1,0
Lung disease,Apical Pulmonary fibrosis,"a Weighted, no covariates","TNF vs DMARD, NSAID, or no exposure",Medicare,561,4364,1,1,1,1,0
Lung disease,Apical Pulmonary fibrosis,"b Weighted, covariates (6-month daily steroid dose)","TNF vs DMARD, NSAID, or no exposure",MPCD,728,759,1,1,1,1,0
Lung disease,Apical Pulmonary fibrosis,"b Weighted, covariates (6-month daily steroid dose)","TNF vs DMARD, NSAID, or no exposure",Marketscan,3378,3458,1,1,1,1,0
Lung disease,Apical Pulmonary fibrosis,"b Weighted, covariates (6-month daily steroid dose)","TNF vs DMARD, NSAID, or no exposure",Medicare,561,4364,1,1,1,1,0
Lung disease,Apical Pulmonary fibrosis,"c Weighted, covariates (sex)","TNF vs DMARD, NSAID, or no exposure",MPCD,728,759,1,1,1,1,0
Lung disease,Apical Pulmonary fibrosis,"c Weighted, covariates (sex)","TNF vs DMARD, NSAID, or no exposure",Marketscan,3378,3458,1,1,1,1,0
Lung disease,Apical Pulmonary fibrosis,"c Weighted, covariates (sex)","TNF vs DMARD, NSAID, or no exposure",Medicare,561,4364,1,1,1,1,0
Lung disease,Apical Pulmonary fibrosis,"d Weighted, covariates (indHospInf)","TNF vs DMARD, NSAID, or no exposure",MPCD,728,759,1,1,1,1,0
Lung disease,Apical Pulmonary fibrosis,"d Weighted, covariates (indHospInf)","TNF vs DMARD, NSAID, or no exposure",Marketscan,3378,3458,1,1,1,1,0
Lung disease,Apical Pulmonary fibrosis,"d Weighted, covariates (indHospInf)","TNF vs DMARD, NSAID, or no exposure",Medicare,561,4364,1,1,1,1,0
Lung disease,Apical Pulmonary fibrosis,"e Weighted, covariates (6-month daily steroid dose, sex, indHospInf)","TNF vs DMARD, NSAID, or no exposure",MPCD,728,759,1,1,1,1,0
Lung disease,Apical Pulmonary fibrosis,"e Weighted, covariates (6-month daily steroid dose, sex, indHospInf)","TNF vs DMARD, NSAID, or no exposure",Marketscan,3378,3458,1,1,1,1,0
Lung disease,Apical Pulmonary fibrosis,"e Weighted, covariates (6-month daily steroid dose, sex, indHospInf)","TNF vs DMARD, NSAID, or no exposure",Medicare,561,4364,1,1,1,1,0
Lung disease,Apical Pulmonary fibrosis,"f Weighted (stabilized), covariates (6-month daily steroid dose)","TNF vs DMARD, NSAID, or no exposure",MPCD,728,759,1,1,1,1,0
Lung disease,Apical Pulmonary fibrosis,"f Weighted (stabilized), covariates (6-month daily steroid dose)","TNF vs DMARD, NSAID, or no exposure",Marketscan,3378,3458,1,1,1,1,0
Lung disease,Apical Pulmonary fibrosis,"f Weighted (stabilized), covariates (6-month daily steroid dose)","TNF vs DMARD, NSAID, or no exposure",Medicare,561,4364,1,1,1,1,0
Lung disease,Interstitial lung disease,"0 Unweighted, no covariates","TNF vs DMARD, NSAID, or no exposure",MPCD,728,759,1.0105160063,0.8706948467,1.1727904475,1,0
Lung disease,Interstitial lung disease,"0 Unweighted, no covariates","TNF vs DMARD, NSAID, or no exposure",Marketscan,3377,3458,2573126.7938,364126.80947,18183174.995,0,0
Lung disease,Interstitial lung disease,"0 Unweighted, no covariates","TNF vs DMARD, NSAID, or no exposure",Medicare,555,4334,3.2362206707,0.817476138,12.811535093,1,0
Lung disease,Interstitial lung disease,"a Weighted, no covariates","TNF vs DMARD, NSAID, or no exposure",MPCD,728,759,1.0281087016,0.6526645347,1.6195264888,1,0
Lung disease,Interstitial lung disease,"a Weighted, no covariates","TNF vs DMARD, NSAID, or no exposure",Marketscan,3377,3458,1960554.6432,275837.87517,13934904.721,0,0
Lung disease,Interstitial lung disease,"a Weighted, no covariates","TNF vs DMARD, NSAID, or no exposure",Medicare,555,4334,3.8206717975,0.8026860076,18.185857042,1,0
Lung disease,Interstitial lung disease,"b Weighted, covariates (6-month daily steroid dose)","TNF vs DMARD, NSAID, or no exposure",MPCD,728,759,0.8847096665,0.6273106587,1.2477250038,1,0
Lung disease,Interstitial lung disease,"b Weighted, covariates (6-month daily steroid dose)","TNF vs DMARD, NSAID, or no exposure",Marketscan,3377,3458,921897.8564,131902.55423,6443360.12,0,0
Lung disease,Interstitial lung disease,"b Weighted, covariates (6-month daily steroid dose)","TNF vs DMARD, NSAID, or no exposure",Medicare,555,4334,4.1951634804,0.8435238577,20.864136169,1,0
Lung disease,Interstitial lung disease,"c Weighted, covariates (sex)","TNF vs DMARD, NSAID, or no exposure",MPCD,728,759,1.0187917973,0.5778462559,1.7962160618,1,0
Lung disease,Interstitial lung disease,"c Weighted, covariates (sex)","TNF vs DMARD, NSAID, or no exposure",Marketscan,3377,3458,2088900.7269,292092.62553,14938775.804,0,0
Lung disease,Interstitial lung disease,"c Weighted, covariates (sex)","TNF vs DMARD, NSAID, or no exposure",Medicare,555,4334,4.2719533497,0.8296197779,21.997529359,1,0
Lung disease,Interstitial lung disease,"d Weighted, covariates (indHospInf)","TNF vs DMARD, NSAID, or no exposure",MPCD,728,759,1.0281278669,0.6526952757,1.6195105894,1,0
Lung disease,Interstitial lung disease,"d Weighted, covariates (indHospInf)","TNF vs DMARD, NSAID, or no exposure",Marketscan,3377,3458,1962692.802,276180.94112,13947968.383,0,0
Lung disease,Interstitial lung disease,"d Weighted, covariates (indHospInf)","TNF vs DMARD, NSAID, or no exposure",Medicare,555,4334,3.833760092,0.8319936035,17.665660387,1,0
Lung disease,Interstitial lung disease,"e Weighted, covariates (6-month daily steroid dose, sex, indHospInf)","TNF vs DMARD, NSAID, or no exposure",MPCD,728,759,0.8983508758,0.5835463569,1.3829823225,1,0
Lung disease,Interstitial lung disease,"e Weighted, covariates (6-month daily steroid dose, sex, indHospInf)","TNF vs DMARD, NSAID, or no exposure",Marketscan,3377,3458,1037451.7365,146697.92571,7336887.011,0,0
Lung disease,Interstitial lung disease,"e Weighted, covariates (6-month daily steroid dose, sex, indHospInf)","TNF vs DMARD, NSAID, or no exposure",Medicare,555,4334,4.5956491384,0.9188790971,22.984515666,1,0
Lung disease,Interstitial lung disease,"f Weighted (stabilized), covariates (6-month daily steroid dose)","TNF vs DMARD, NSAID, or no exposure",MPCD,728,759,1.0080607084,0.7529838971,1.3495459805,1,0
Lung disease,Interstitial lung disease,"f Weighted (stabilized), covariates (6-month daily steroid dose)","TNF vs DMARD, NSAID, or no exposure",Marketscan,3377,3458,5479452.5632,813676.04529,36899698.062,0,0
Lung disease,Interstitial lung disease,"f Weighted (stabilized), covariates (6-month daily steroid dose)","TNF vs DMARD, NSAID, or no exposure",Medicare,555,4334,4.1000076188,0.8162530202,20.594181042,1,0
Lung disease,Restrictive lung disease ,"0 Unweighted, no covariates","TNF vs DMARD, NSAID, or no exposure",MPCD,722,758,0.2204195357,0.0247269868,1.9648480446,1,0
Lung disease,Restrictive lung disease ,"0 Unweighted, no covariates","TNF vs DMARD, NSAID, or no exposure",Marketscan,3360,3433,2.2573093832,1.0029117308,5.0806521602,1,1
Lung disease,Restrictive lung disease ,"0 Unweighted, no covariates","TNF vs DMARD, NSAID, or no exposure",Medicare,537,4205,1.5297663019,0.8473149932,2.7618830745,1,0
Lung disease,Restrictive lung disease ,"a Weighted, no covariates","TNF vs DMARD, NSAID, or no exposure",MPCD,722,758,1.660498226,0.187109305,14.73606221,1,0
Lung disease,Restrictive lung disease ,"a Weighted, no covariates","TNF vs DMARD, NSAID, or no exposure",Marketscan,3360,3433,2.4273482964,1.0567264795,5.5757283142,1,1
Lung disease,Restrictive lung disease ,"a Weighted, no covariates","TNF vs DMARD, NSAID, or no exposure",Medicare,537,4205,0.8311608955,0.4205472675,1.642689152,1,0
Lung disease,Restrictive lung disease ,"b Weighted, covariates (6-month daily steroid dose)","TNF vs DMARD, NSAID, or no exposure",MPCD,722,758,1.6751554878,0.1769595869,15.857552324,1,0
Lung disease,Restrictive lung disease ,"b Weighted, covariates (6-month daily steroid dose)","TNF vs DMARD, NSAID, or no exposure",Marketscan,3360,3433,2.4505921682,1.0662510954,5.6322586685,1,1
Lung disease,Restrictive lung disease ,"b Weighted, covariates (6-month daily steroid dose)","TNF vs DMARD, NSAID, or no exposure",Medicare,537,4205,0.8361212477,0.4214149053,1.6589321645,1,0
Lung disease,Restrictive lung disease ,"c Weighted, covariates (sex)","TNF vs DMARD, NSAID, or no exposure",MPCD,722,758,1.645900189,0.1915189472,14.144748977,1,0
Lung disease,Restrictive lung disease ,"c Weighted, covariates (sex)","TNF vs DMARD, NSAID, or no exposure",Marketscan,3360,3433,2.3396016413,1.0125525501,5.4058782817,1,1
Lung disease,Restrictive lung disease ,"c Weighted, covariates (sex)","TNF vs DMARD, NSAID, or no exposure",Medicare,537,4205,0.7665052616,0.3848900452,1.5264887295,1,0
Lung disease,Restrictive lung disease ,"d Weighted, covariates (indHospInf)","TNF vs DMARD, NSAID, or no exposure",MPCD,722,758,1.6598126198,0.1870056143,14.732060012,1,0
Lung disease,Restrictive lung disease ,"d Weighted, covariates (indHospInf)","TNF vs DMARD, NSAID, or no exposure",Marketscan,3360,3433,2.421389496,1.0541418268,5.5619907515,1,1
Lung disease,Restrictive lung disease ,"d Weighted, covariates (indHospInf)","TNF vs DMARD, NSAID, or no exposure",Medicare,537,4205,0.8162820314,0.4196547933,1.5877725346,1,0
Lung disease,Restrictive lung disease ,"e Weighted, covariates (6-month daily steroid dose, sex, indHospInf)","TNF vs DMARD, NSAID, or no exposure",MPCD,722,758,1.653810603,0.1834256477,14.9111618,1,0
Lung disease,Restrictive lung disease ,"e Weighted, covariates (6-month daily steroid dose, sex, indHospInf)","TNF vs DMARD, NSAID, or no exposure",Marketscan,3360,3433,2.3594197605,1.0210980151,5.4518386324,1,1
Lung disease,Restrictive lung disease ,"e Weighted, covariates (6-month daily steroid dose, sex, indHospInf)","TNF vs DMARD, NSAID, or no exposure",Medicare,537,4205,0.7610478692,0.3874510394,1.4948827085,1,0
Lung disease,Restrictive lung disease ,"f Weighted (stabilized), covariates (6-month daily steroid dose)","TNF vs DMARD, NSAID, or no exposure",MPCD,722,758,1.5106440016,0.189008545,12.073767882,1,0
Lung disease,Restrictive lung disease ,"f Weighted (stabilized), covariates (6-month daily steroid dose)","TNF vs DMARD, NSAID, or no exposure",Marketscan,3360,3433,2.2404865504,0.963212246,5.2114993378,1,0
Lung disease,Restrictive lung disease ,"f Weighted (stabilized), covariates (6-month daily steroid dose)","TNF vs DMARD, NSAID, or no exposure",Medicare,537,4205,0.762764284,0.3806926664,1.5282914652,1,0
Neurological Disease,Spinal Cord compression,"0 Unweighted, no covariates","TNF vs DMARD, NSAID, or no exposure",MPCD,728,758,6.4301453E-7,1.2722493E-7,3.2498951E-6,0,0
Neurological Disease,Spinal Cord compression,"0 Unweighted, no covariates","TNF vs DMARD, NSAID, or no exposure",Marketscan,3375,3452,2.2358212656,0.4446486908,11.242351176,1,0
Neurological Disease,Spinal Cord compression,"0 Unweighted, no covariates","TNF vs DMARD, NSAID, or no exposure",Medicare,560,4357,0.8832753869,0.1122132268,6.9526154024,1,0
Neurological Disease,Spinal Cord compression,"a Weighted, no covariates","TNF vs DMARD, NSAID, or no exposure",MPCD,728,758,7.423501E-7,1.0100599E-7,5.4559502E-6,0,0
Neurological Disease,Spinal Cord compression,"a Weighted, no covariates","TNF vs DMARD, NSAID, or no exposure",Marketscan,3375,3452,3.8933368217,0.5321531257,28.484417123,1,0
Neurological Disease,Spinal Cord compression,"a Weighted, no covariates","TNF vs DMARD, NSAID, or no exposure",Medicare,560,4357,0.4402442149,0.0558238375,3.4719033587,1,0
Neurological Disease,Spinal Cord compression,"b Weighted, covariates (6-month daily steroid dose)","TNF vs DMARD, NSAID, or no exposure",MPCD,728,758,1.1612704E-6,1.5363341E-7,8.7777058E-6,0,0
Neurological Disease,Spinal Cord compression,"b Weighted, covariates (6-month daily steroid dose)","TNF vs DMARD, NSAID, or no exposure",Marketscan,3375,3452,3.8354208099,0.5371633083,27.385438582,1,0
Neurological Disease,Spinal Cord compression,"b Weighted, covariates (6-month daily steroid dose)","TNF vs DMARD, NSAID, or no exposure",Medicare,560,4357,0.4444662443,0.0548223791,3.6034598529,1,0
Neurological Disease,Spinal Cord compression,"c Weighted, covariates (sex)","TNF vs DMARD, NSAID, or no exposure",MPCD,728,758,7.3802E-7,1.0142102E-7,5.3704207E-6,0,0
Neurological Disease,Spinal Cord compression,"c Weighted, covariates (sex)","TNF vs DMARD, NSAID, or no exposure",Marketscan,3375,3452,3.7490953701,0.5361537632,26.215830345,1,0
Neurological Disease,Spinal Cord compression,"c Weighted, covariates (sex)","TNF vs DMARD, NSAID, or no exposure",Medicare,560,4357,0.4065688373,0.0452468906,3.6532503639,1,0
Neurological Disease,Spinal Cord compression,"d Weighted, covariates (indHospInf)","TNF vs DMARD, NSAID, or no exposure",MPCD,728,758,4.4977776E-7,6.0924775E-8,3.3204888E-6,0,0
Neurological Disease,Spinal Cord compression,"d Weighted, covariates (indHospInf)","TNF vs DMARD, NSAID, or no exposure",Marketscan,3375,3452,4.0712009072,0.5646751099,29.35258972,1,0
Neurological Disease,Spinal Cord compression,"d Weighted, covariates (indHospInf)","TNF vs DMARD, NSAID, or no exposure",Medicare,560,4357,0.5095954987,0.0539593902,4.8126483917,1,0
Neurological Disease,Spinal Cord compression,"e Weighted, covariates (6-month daily steroid dose, sex, indHospInf)","TNF vs DMARD, NSAID, or no exposure",MPCD,728,758,1.0114727E-6,1.3633303E-7,7.5042486E-6,0,0
Neurological Disease,Spinal Cord compression,"e Weighted, covariates (6-month daily steroid dose, sex, indHospInf)","TNF vs DMARD, NSAID, or no exposure",Marketscan,3375,3452,3.8674015125,0.5573593395,26.835101519,1,0
Neurological Disease,Spinal Cord compression,"e Weighted, covariates (6-month daily steroid dose, sex, indHospInf)","TNF vs DMARD, NSAID, or no exposure",Medicare,560,4357,0.5349036706,0.0407702227,7.0179144891,1,0
Neurological Disease,Spinal Cord compression,"f Weighted (stabilized), covariates (6-month daily steroid dose)","TNF vs DMARD, NSAID, or no exposure",MPCD,728,758,3.7102185E-7,5.1123581E-8,2.6926364E-6,0,0
Neurological Disease,Spinal Cord compression,"f Weighted (stabilized), covariates (6-month daily steroid dose)","TNF vs DMARD, NSAID, or no exposure",Marketscan,3375,3452,3.8337945958,0.5310531976,27.677040771,1,0
Neurological Disease,Spinal Cord compression,"f Weighted (stabilized), covariates (6-month daily steroid dose)","TNF vs DMARD, NSAID, or no exposure",Medicare,560,4357,0.4359274872,0.0527554728,3.6021433194,1,0
Osteoporotic fracture,Clinical vertebral fracture,"0 Unweighted, no covariates","TNF vs DMARD, NSAID, or no exposure",MPCD,724,757,2.2952270931,0.4445098458,11.851407699,1,0
Osteoporotic fracture,Clinical vertebral fracture,"0 Unweighted, no covariates","TNF vs DMARD, NSAID, or no exposure",Marketscan,3371,3449,1.2459121049,0.5561618428,2.7910885891,1,0
Osteoporotic fracture,Clinical vertebral fracture,"0 Unweighted, no covariates","TNF vs DMARD, NSAID, or no exposure",Medicare,545,4149,1.7314254749,1.065494172,2.8135622454,1,1
Osteoporotic fracture,Clinical vertebral fracture,"a Weighted, no covariates","TNF vs DMARD, NSAID, or no exposure",MPCD,724,757,1.8669337166,0.3110567599,11.205162375,1,0
Osteoporotic fracture,Clinical vertebral fracture,"a Weighted, no covariates","TNF vs DMARD, NSAID, or no exposure",Marketscan,3371,3449,2.1752219145,0.8498251557,5.5677221902,1,0
Osteoporotic fracture,Clinical vertebral fracture,"a Weighted, no covariates","TNF vs DMARD, NSAID, or no exposure",Medicare,545,4149,1.7231511929,0.9337803281,3.1798164348,1,0
Osteoporotic fracture,Clinical vertebral fracture,"b Weighted, covariates (6-month daily steroid dose)","TNF vs DMARD, NSAID, or no exposure",MPCD,724,757,1.847636442,0.2993875008,11.402481444,1,0
Osteoporotic fracture,Clinical vertebral fracture,"b Weighted, covariates (6-month daily steroid dose)","TNF vs DMARD, NSAID, or no exposure",Marketscan,3371,3449,2.186358645,0.8472222583,5.6421606939,1,0
Osteoporotic fracture,Clinical vertebral fracture,"b Weighted, covariates (6-month daily steroid dose)","TNF vs DMARD, NSAID, or no exposure",Medicare,545,4149,1.7287314588,0.9429024417,3.1694821487,1,0
Osteoporotic fracture,Clinical vertebral fracture,"c Weighted, covariates (sex)","TNF vs DMARD, NSAID, or no exposure",MPCD,724,757,1.8713722816,0.3095709532,11.312541373,1,0
Osteoporotic fracture,Clinical vertebral fracture,"c Weighted, covariates (sex)","TNF vs DMARD, NSAID, or no exposure",Marketscan,3371,3449,2.2232033899,0.8608606152,5.7415024289,1,0
Osteoporotic fracture,Clinical vertebral fracture,"c Weighted, covariates (sex)","TNF vs DMARD, NSAID, or no exposure",Medicare,545,4149,1.7957363403,0.9593154335,3.3614272128,1,0
Osteoporotic fracture,Clinical vertebral fracture,"d Weighted, covariates (indHospInf)","TNF vs DMARD, NSAID, or no exposure",MPCD,724,757,1.8695180393,0.3114986513,11.220265913,1,0
Osteoporotic fracture,Clinical vertebral fracture,"d Weighted, covariates (indHospInf)","TNF vs DMARD, NSAID, or no exposure",Marketscan,3371,3449,2.1858430541,0.8541102277,5.5940201884,1,0
Osteoporotic fracture,Clinical vertebral fracture,"d Weighted, covariates (indHospInf)","TNF vs DMARD, NSAID, or no exposure",Medicare,545,4149,1.7538589727,0.9398562547,3.272863569,1,0
Osteoporotic fracture,Clinical vertebral fracture,"e Weighted, covariates (6-month daily steroid dose, sex, indHospInf)","TNF vs DMARD, NSAID, or no exposure",MPCD,724,757,1.8630259307,0.2999606451,11.571069988,1,0
Osteoporotic fracture,Clinical vertebral fracture,"e Weighted, covariates (6-month daily steroid dose, sex, indHospInf)","TNF vs DMARD, NSAID, or no exposure",Marketscan,3371,3449,2.2344677082,0.8594615357,5.8092721216,1,0
Osteoporotic fracture,Clinical vertebral fracture,"e Weighted, covariates (6-month daily steroid dose, sex, indHospInf)","TNF vs DMARD, NSAID, or no exposure",Medicare,545,4149,1.8147695121,0.968507255,3.4004787936,1,0
Osteoporotic fracture,Clinical vertebral fracture,"f Weighted (stabilized), covariates (6-month daily steroid dose)","TNF vs DMARD, NSAID, or no exposure",MPCD,724,757,1.97029447,0.3197735014,12.140031247,1,0
Osteoporotic fracture,Clinical vertebral fracture,"f Weighted (stabilized), covariates (6-month daily steroid dose)","TNF vs DMARD, NSAID, or no exposure",Marketscan,3371,3449,2.1992984613,0.8564485366,5.6476408274,1,0
Osteoporotic fracture,Clinical vertebral fracture,"f Weighted (stabilized), covariates (6-month daily steroid dose)","TNF vs DMARD, NSAID, or no exposure",Medicare,545,4149,1.7431500641,0.9516963351,3.1927958888,1,0
Osteoporotic fracture,Non-vertebral osteoporotic fracture,"0 Unweighted, no covariates","TNF vs DMARD, NSAID, or no exposure",MPCD,722,750,0.9928708175,0.3827839388,2.5753234664,1,0
Osteoporotic fracture,Non-vertebral osteoporotic fracture,"0 Unweighted, no covariates","TNF vs DMARD, NSAID, or no exposure",Marketscan,3353,3424,1.3429851473,0.7977279291,2.2609326315,1,0
Osteoporotic fracture,Non-vertebral osteoporotic fracture,"0 Unweighted, no covariates","TNF vs DMARD, NSAID, or no exposure",Medicare,537,4053,1.7783814676,1.1977832101,2.6404115683,1,1
Osteoporotic fracture,Non-vertebral osteoporotic fracture,"a Weighted, no covariates","TNF vs DMARD, NSAID, or no exposure",MPCD,722,750,0.5227114478,0.1716303403,1.5919519663,1,0
Osteoporotic fracture,Non-vertebral osteoporotic fracture,"a Weighted, no covariates","TNF vs DMARD, NSAID, or no exposure",Marketscan,3353,3424,1.700995613,0.9272732167,3.12031667,1,0
Osteoporotic fracture,Non-vertebral osteoporotic fracture,"a Weighted, no covariates","TNF vs DMARD, NSAID, or no exposure",Medicare,537,4053,1.6137534169,0.9876801207,2.6366837158,1,0
Osteoporotic fracture,Non-vertebral osteoporotic fracture,"b Weighted, covariates (6-month daily steroid dose)","TNF vs DMARD, NSAID, or no exposure",MPCD,722,750,0.5417772515,0.1779859643,1.6491333531,1,0
Osteoporotic fracture,Non-vertebral osteoporotic fracture,"b Weighted, covariates (6-month daily steroid dose)","TNF vs DMARD, NSAID, or no exposure",Marketscan,3353,3424,1.7247694639,0.9353568242,3.1804223015,1,0
Osteoporotic fracture,Non-vertebral osteoporotic fracture,"b Weighted, covariates (6-month daily steroid dose)","TNF vs DMARD, NSAID, or no exposure",Medicare,537,4053,1.636668972,0.9998863828,2.6789897034,1,0
Osteoporotic fracture,Non-vertebral osteoporotic fracture,"c Weighted, covariates (sex)","TNF vs DMARD, NSAID, or no exposure",MPCD,722,750,0.52277765,0.1714050758,1.5944479477,1,0
Osteoporotic fracture,Non-vertebral osteoporotic fracture,"c Weighted, covariates (sex)","TNF vs DMARD, NSAID, or no exposure",Marketscan,3353,3424,1.7059653883,0.9272281708,3.1387289536,1,0
Osteoporotic fracture,Non-vertebral osteoporotic fracture,"c Weighted, covariates (sex)","TNF vs DMARD, NSAID, or no exposure",Medicare,537,4053,1.6222112737,0.9734673871,2.7032948934,1,0
Osteoporotic fracture,Non-vertebral osteoporotic fracture,"d Weighted, covariates (indHospInf)","TNF vs DMARD, NSAID, or no exposure",MPCD,722,750,0.5224772162,0.171550145,1.5912690804,1,0
Osteoporotic fracture,Non-vertebral osteoporotic fracture,"d Weighted, covariates (indHospInf)","TNF vs DMARD, NSAID, or no exposure",Marketscan,3353,3424,1.6976443238,0.9253454347,3.1145085307,1,0
Osteoporotic fracture,Non-vertebral osteoporotic fracture,"d Weighted, covariates (indHospInf)","TNF vs DMARD, NSAID, or no exposure",Medicare,537,4053,1.6023604895,0.9804799352,2.6186758609,1,0
Osteoporotic fracture,Non-vertebral osteoporotic fracture,"e Weighted, covariates (6-month daily steroid dose, sex, indHospInf)","TNF vs DMARD, NSAID, or no exposure",MPCD,722,750,0.5407886909,0.1776140173,1.6465615311,1,0
Osteoporotic fracture,Non-vertebral osteoporotic fracture,"e Weighted, covariates (6-month daily steroid dose, sex, indHospInf)","TNF vs DMARD, NSAID, or no exposure",Marketscan,3353,3424,1.721270016,0.9301289755,3.1853329444,1,0
Osteoporotic fracture,Non-vertebral osteoporotic fracture,"e Weighted, covariates (6-month daily steroid dose, sex, indHospInf)","TNF vs DMARD, NSAID, or no exposure",Medicare,537,4053,1.6240775932,0.9777571976,2.6976308999,1,0
Osteoporotic fracture,Non-vertebral osteoporotic fracture,"f Weighted (stabilized), covariates (6-month daily steroid dose)","TNF vs DMARD, NSAID, or no exposure",MPCD,722,750,0.5358106249,0.1755346379,1.6355348957,1,0
Osteoporotic fracture,Non-vertebral osteoporotic fracture,"f Weighted (stabilized), covariates (6-month daily steroid dose)","TNF vs DMARD, NSAID, or no exposure",Marketscan,3353,3424,1.6895452903,0.9164864796,3.1146812873,1,0
Osteoporotic fracture,Non-vertebral osteoporotic fracture,"f Weighted (stabilized), covariates (6-month daily steroid dose)","TNF vs DMARD, NSAID, or no exposure",Medicare,537,4053,1.6264149034,0.9950861523,2.6582878597,1,0
PsO/PsA,Psoriasis,"0 Unweighted, no covariates","TNF vs DMARD, NSAID, or no exposure",MPCD,708,745,7.6329472582,1.7695432783,32.924814306,1,1
PsO/PsA,Psoriasis,"0 Unweighted, no covariates","TNF vs DMARD, NSAID, or no exposure",Marketscan,3259,3376,2.8197847608,1.8366019193,4.3292920552,1,1
PsO/PsA,Psoriasis,"0 Unweighted, no covariates","TNF vs DMARD, NSAID, or no exposure",Medicare,529,4210,4.0568597928,2.2947607359,7.1720380783,1,1
PsO/PsA,Psoriasis,"a Weighted, no covariates","TNF vs DMARD, NSAID, or no exposure",MPCD,708,745,3.9323573137,0.8168147717,18.93138393,1,0
PsO/PsA,Psoriasis,"a Weighted, no covariates","TNF vs DMARD, NSAID, or no exposure",Marketscan,3259,3376,2.6837561729,1.6451174305,4.378135604,1,1
PsO/PsA,Psoriasis,"a Weighted, no covariates","TNF vs DMARD, NSAID, or no exposure",Medicare,529,4210,2.4510067029,1.1958202085,5.0236932066,1,1
PsO/PsA,Psoriasis,"b Weighted, covariates (6-month daily steroid dose)","TNF vs DMARD, NSAID, or no exposure",MPCD,708,745,4.2356093679,0.8867740899,20.231067778,1,0
PsO/PsA,Psoriasis,"b Weighted, covariates (6-month daily steroid dose)","TNF vs DMARD, NSAID, or no exposure",Marketscan,3259,3376,2.6752803751,1.6458254525,4.348653786,1,1
PsO/PsA,Psoriasis,"b Weighted, covariates (6-month daily steroid dose)","TNF vs DMARD, NSAID, or no exposure",Medicare,529,4210,2.47057743,1.2095289245,5.0463884856,1,1
PsO/PsA,Psoriasis,"c Weighted, covariates (sex)","TNF vs DMARD, NSAID, or no exposure",MPCD,708,745,3.933660283,0.8163684898,18.954287696,1,0
PsO/PsA,Psoriasis,"c Weighted, covariates (sex)","TNF vs DMARD, NSAID, or no exposure",Marketscan,3259,3376,2.6904475652,1.6403462181,4.4127928732,1,1
PsO/PsA,Psoriasis,"c Weighted, covariates (sex)","TNF vs DMARD, NSAID, or no exposure",Medicare,529,4210,2.4623462903,1.2411094978,4.8852653729,1,1
PsO/PsA,Psoriasis,"d Weighted, covariates (indHospInf)","TNF vs DMARD, NSAID, or no exposure",MPCD,708,745,3.9270878069,0.8156928218,18.906649943,1,0
PsO/PsA,Psoriasis,"d Weighted, covariates (indHospInf)","TNF vs DMARD, NSAID, or no exposure",Marketscan,3259,3376,2.6684800196,1.6358775203,4.3528843245,1,1
PsO/PsA,Psoriasis,"d Weighted, covariates (indHospInf)","TNF vs DMARD, NSAID, or no exposure",Medicare,529,4210,2.3856004009,1.1767481863,4.8362847203,1,1
PsO/PsA,Psoriasis,"e Weighted, covariates (6-month daily steroid dose, sex, indHospInf)","TNF vs DMARD, NSAID, or no exposure",MPCD,708,745,4.2389224259,0.8860304652,20.279735335,1,0
PsO/PsA,Psoriasis,"e Weighted, covariates (6-month daily steroid dose, sex, indHospInf)","TNF vs DMARD, NSAID, or no exposure",Marketscan,3259,3376,2.6755284899,1.6361571201,4.3751621483,1,1
PsO/PsA,Psoriasis,"e Weighted, covariates (6-month daily steroid dose, sex, indHospInf)","TNF vs DMARD, NSAID, or no exposure",Medicare,529,4210,2.4289184517,1.237324,4.7680678989,1,1
PsO/PsA,Psoriasis,"f Weighted (stabilized), covariates (6-month daily steroid dose)","TNF vs DMARD, NSAID, or no exposure",MPCD,708,745,4.164319541,0.86655967,20.011959752,1,0
PsO/PsA,Psoriasis,"f Weighted (stabilized), covariates (6-month daily steroid dose)","TNF vs DMARD, NSAID, or no exposure",Marketscan,3259,3376,2.628926006,1.6161156844,4.2764586793,1,1
PsO/PsA,Psoriasis,"f Weighted (stabilized), covariates (6-month daily steroid dose)","TNF vs DMARD, NSAID, or no exposure",Medicare,529,4210,2.419427508,1.1903631285,4.9175157788,1,1
PsO/PsA,Psoriatic arthritis,"0 Unweighted, no covariates","TNF vs DMARD, NSAID, or no exposure",MPCD,686,738,2.531705622,1.0674628791,6.0044555011,1,1
PsO/PsA,Psoriatic arthritis,"0 Unweighted, no covariates","TNF vs DMARD, NSAID, or no exposure",Marketscan,3160,3331,2.4891913269,1.701625066,3.6412683297,1,1
PsO/PsA,Psoriatic arthritis,"0 Unweighted, no covariates","TNF vs DMARD, NSAID, or no exposure",Medicare,508,4219,3.9218859015,2.2405861804,6.8648058079,1,1
PsO/PsA,Psoriatic arthritis,"a Weighted, no covariates","TNF vs DMARD, NSAID, or no exposure",MPCD,686,738,0.8958498948,0.2975038231,2.6976024229,1,0
PsO/PsA,Psoriatic arthritis,"a Weighted, no covariates","TNF vs DMARD, NSAID, or no exposure",Marketscan,3160,3331,2.6219236826,1.7260549479,3.9827722783,1,1
PsO/PsA,Psoriatic arthritis,"a Weighted, no covariates","TNF vs DMARD, NSAID, or no exposure",Medicare,508,4219,4.0103491154,2.1514523735,7.4753688373,1,1
PsO/PsA,Psoriatic arthritis,"b Weighted, covariates (6-month daily steroid dose)","TNF vs DMARD, NSAID, or no exposure",MPCD,686,738,0.8919327225,0.2913672018,2.7303827496,1,0
PsO/PsA,Psoriatic arthritis,"b Weighted, covariates (6-month daily steroid dose)","TNF vs DMARD, NSAID, or no exposure",Marketscan,3160,3331,2.6194909656,1.7278655077,3.9712193389,1,1
PsO/PsA,Psoriatic arthritis,"b Weighted, covariates (6-month daily steroid dose)","TNF vs DMARD, NSAID, or no exposure",Medicare,508,4219,4.012197584,2.1514349345,7.4823222375,1,1
PsO/PsA,Psoriatic arthritis,"c Weighted, covariates (sex)","TNF vs DMARD, NSAID, or no exposure",MPCD,686,738,0.8947667571,0.2982035211,2.6847689345,1,0
PsO/PsA,Psoriatic arthritis,"c Weighted, covariates (sex)","TNF vs DMARD, NSAID, or no exposure",Marketscan,3160,3331,2.6061179644,1.7088016185,3.9746280497,1,1
PsO/PsA,Psoriatic arthritis,"c Weighted, covariates (sex)","TNF vs DMARD, NSAID, or no exposure",Medicare,508,4219,3.9617865154,2.1508250779,7.2975494637,1,1
PsO/PsA,Psoriatic arthritis,"d Weighted, covariates (indHospInf)","TNF vs DMARD, NSAID, or no exposure",MPCD,686,738,0.8939666819,0.2968623395,2.6920775122,1,0
PsO/PsA,Psoriatic arthritis,"d Weighted, covariates (indHospInf)","TNF vs DMARD, NSAID, or no exposure",Marketscan,3160,3331,2.5998491328,1.7114095533,3.9495020351,1,1
PsO/PsA,Psoriatic arthritis,"d Weighted, covariates (indHospInf)","TNF vs DMARD, NSAID, or no exposure",Medicare,508,4219,3.8682898689,2.0977654144,7.1331457782,1,1
PsO/PsA,Psoriatic arthritis,"e Weighted, covariates (6-month daily steroid dose, sex, indHospInf)","TNF vs DMARD, NSAID, or no exposure",MPCD,686,738,0.8840792736,0.2886734169,2.7075446385,1,0
PsO/PsA,Psoriatic arthritis,"e Weighted, covariates (6-month daily steroid dose, sex, indHospInf)","TNF vs DMARD, NSAID, or no exposure",Marketscan,3160,3331,2.5881089117,1.6993622078,3.9416598226,1,1
PsO/PsA,Psoriatic arthritis,"e Weighted, covariates (6-month daily steroid dose, sex, indHospInf)","TNF vs DMARD, NSAID, or no exposure",Medicare,508,4219,3.8486757473,2.1071207538,7.0296422171,1,1
PsO/PsA,Psoriatic arthritis,"f Weighted (stabilized), covariates (6-month daily steroid dose)","TNF vs DMARD, NSAID, or no exposure",MPCD,686,738,0.8895931748,0.2928869494,2.7019845654,1,0
PsO/PsA,Psoriatic arthritis,"f Weighted (stabilized), covariates (6-month daily steroid dose)","TNF vs DMARD, NSAID, or no exposure",Marketscan,3160,3331,2.5706895085,1.6957708314,3.8970151077,1,1
PsO/PsA,Psoriatic arthritis,"f Weighted (stabilized), covariates (6-month daily steroid dose)","TNF vs DMARD, NSAID, or no exposure",Medicare,508,4219,3.9546385497,2.1236261924,7.3643686045,1,1
Uveitis,Uveitis,"0 Unweighted, no covariates","TNF vs DMARD, NSAID, or no exposure",MPCD,686,729,1.7270640856,0.80429456,3.7085298148,1,0
Uveitis,Uveitis,"0 Unweighted, no covariates","TNF vs DMARD, NSAID, or no exposure",Marketscan,3188,3324,1.9969661266,1.4203245055,2.8077201339,1,1
Uveitis,Uveitis,"0 Unweighted, no covariates","TNF vs DMARD, NSAID, or no exposure",Medicare,534,4280,3.5959512924,1.9870927573,6.5074293334,1,1
Uveitis,Uveitis,"a Weighted, no covariates","TNF vs DMARD, NSAID, or no exposure",MPCD,686,729,0.8184663561,0.3216465837,2.0826808364,1,0
Uveitis,Uveitis,"a Weighted, no covariates","TNF vs DMARD, NSAID, or no exposure",Marketscan,3188,3324,1.8346801472,1.2621656759,2.6668854229,1,1
Uveitis,Uveitis,"a Weighted, no covariates","TNF vs DMARD, NSAID, or no exposure",Medicare,534,4280,3.4261526061,1.5742857192,7.4564112075,1,1
Uveitis,Uveitis,"b Weighted, covariates (6-month daily steroid dose)","TNF vs DMARD, NSAID, or no exposure",MPCD,686,729,0.8740610129,0.3472176938,2.2002987402,1,0
Uveitis,Uveitis,"b Weighted, covariates (6-month daily steroid dose)","TNF vs DMARD, NSAID, or no exposure",Marketscan,3188,3324,1.8794030906,1.2946398752,2.72829228,1,1
Uveitis,Uveitis,"b Weighted, covariates (6-month daily steroid dose)","TNF vs DMARD, NSAID, or no exposure",Medicare,534,4280,3.5261424743,1.6090538134,7.7273243726,1,1
Uveitis,Uveitis,"c Weighted, covariates (sex)","TNF vs DMARD, NSAID, or no exposure",MPCD,686,729,0.8170358016,0.3283659288,2.0329377764,1,0
Uveitis,Uveitis,"c Weighted, covariates (sex)","TNF vs DMARD, NSAID, or no exposure",Marketscan,3188,3324,1.7645694046,1.2105446762,2.5721522259,1,1
Uveitis,Uveitis,"c Weighted, covariates (sex)","TNF vs DMARD, NSAID, or no exposure",Medicare,534,4280,3.1918887989,1.5037197787,6.7753009897,1,1
Uveitis,Uveitis,"d Weighted, covariates (indHospInf)","TNF vs DMARD, NSAID, or no exposure",MPCD,686,729,0.817222797,0.3211139414,2.0798010109,1,0
Uveitis,Uveitis,"d Weighted, covariates (indHospInf)","TNF vs DMARD, NSAID, or no exposure",Marketscan,3188,3324,1.814548095,1.2482531225,2.6377540978,1,1
Uveitis,Uveitis,"d Weighted, covariates (indHospInf)","TNF vs DMARD, NSAID, or no exposure",Medicare,534,4280,3.2662030961,1.5151572757,7.0409077896,1,1
Uveitis,Uveitis,"e Weighted, covariates (6-month daily steroid dose, sex, indHospInf)","TNF vs DMARD, NSAID, or no exposure",MPCD,686,729,0.8676669186,0.347982343,2.1634600055,1,0
Uveitis,Uveitis,"e Weighted, covariates (6-month daily steroid dose, sex, indHospInf)","TNF vs DMARD, NSAID, or no exposure",Marketscan,3188,3324,1.7906324502,1.2292000851,2.6084968677,1,1
Uveitis,Uveitis,"e Weighted, covariates (6-month daily steroid dose, sex, indHospInf)","TNF vs DMARD, NSAID, or no exposure",Medicare,534,4280,3.0912230539,1.4564387874,6.5609760268,1,1
Uveitis,Uveitis,"f Weighted (stabilized), covariates (6-month daily steroid dose)","TNF vs DMARD, NSAID, or no exposure",MPCD,686,729,0.8516122057,0.3380215266,2.1455537349,1,0
Uveitis,Uveitis,"f Weighted (stabilized), covariates (6-month daily steroid dose)","TNF vs DMARD, NSAID, or no exposure",Marketscan,3188,3324,1.8498167081,1.2762066562,2.6812443241,1,1
Uveitis,Uveitis,"f Weighted (stabilized), covariates (6-month daily steroid dose)","TNF vs DMARD, NSAID, or no exposure",Medicare,534,4280,3.4409043873,1.5744796868,7.5198321719,1,1
